A1; about; о
A1; above; выше
A1; across; через
A1; action; действие
A1; activity; активность
A1; actor; актер
A1; actress; актриса
A1; add; добавлять
A1; address; адрес
A1; adult; взрослый
A1; advice; совет
A1; afraid; испуганный
A1; after; после
A1; afternoon; полдень
A1; again; снова
A1; age; возраст
A1; ago; назад
A1; agree; соглашаться
A1; air; воздух
A1; airport; аэропорт
A1; all; все
A1; also; также
A1; always; всегда
A1; amazing; удивительный
A1; and; и
A1; angry; злой
A1; animal; животное
A1; another; другой
A1; answer; отвечать
A1; any; любой
A1; anyone; любой
A1; anything; что-либо
A1; apartment; квартира
A1; apple; яблоко
A1; April; апрель
A1; area; область
A1; arm; рука
A1; around; вокруг
A1; arrive; приезжать
A1; art; искусство
A1; article; статья
A1; artist; художник
A1; as; как
A1; ask; просить
A1; at; в
A1; August; Август
A1; aunt; тетя
A1; autumn; осень
A1; away; прочь
A1; baby; малыш
A1; back; назад
A1; bad; плохой
A1; bag; сумка
A1; ball; мяч
A1; banana; банан
A1; band; группа
A1; bank; банк
A1; bath; ванна
A1; bathroom; ванная комната
A1; be; быть
A1; beach; пляж
A1; beautiful; красивый
A1; because; потому что
A1; become; становиться
A1; bed; кровать
A1; bedroom; спальня
A1; beer; пиво
A1; before; до
A1; begin; начинать
A1; beginning; начало
A1; behind; позади
A1; believe; полагать
A1; below; ниже
A1; best; лучший
A1; better; лучше
A1; between; между
A1; bicycle; велосипед
A1; big; большой
A1; bike; велосипед
A1; bill; счет
A1; bird; птица
A1; birthday; день рождения
A1; black; черный
A1; blog; блог
A1; blonde; блондинка
A1; blue; синий
A1; boat; лодка
A1; body; тело
A1; book; книга
A1; boot; ботинок
A1; bored; скучающий
A1; boring; скучный
A1; born; рожденный
A1; both; оба
A1; bottle; бутылка
A1; box; коробка
A1; boy; мальчик
A1; boyfriend; парень
A1; bread; хлеб
A1; break; перерыв
A1; breakfast; завтрак
A1; bring; приносить
A1; brother; брат
A1; brown; коричневый
A1; build; строить
A1; building; здание
A1; bus; автобус
A1; business; бизнес
A1; busy; занятый
A1; but; но
A1; butter; масло
A1; buy; купить
A1; by; к
A1; bye; пока
A1; cafe; кафе
A1; cake; торт
A1; call; вызов
A1; camera; камера
A1; can; может
A1; cannot; не могу
A1; capital; капитал
A1; car; машина
A1; card; карта
A1; career; карьера
A1; carrot; морковь
A1; carry; нести
A1; cat; кот
A1; CD; компакт-диск
A1; cent; цент
A1; centre; центр
A1; century; век
A1; chair; стул
A1; change; изменять
A1; chart; диаграмма
A1; cheap; дешевый
A1; check; проверять
A1; cheese; сыр
A1; chicken; курица
A1; child; ребенок
A1; chocolate; шоколад
A1; choose; выбирать
A1; cinema; кино
A1; city; город
A1; class; сорт
A1; classroom; класс
A1; clean; чистый
A1; climb; взбираться
A1; clock; часы
A1; close; закрывать
A1; clothes; одежда
A1; club; клуб
A1; coat; пальто
A1; coffee; кофе
A1; cold; холодный
A1; college; колледж
A1; colour; цвет
A1; come; приходить
A1; common; общий
A1; company; компания
A1; compare; сравнивать
A1; complete; полный
A1; computer; компьютер
A1; concert; концерт
A1; conversation; беседа
A1; cook; готовить
A1; cooking; приготовление пищи
A1; cool; прохладный
A1; correct; правильный
A1; cost; расходы
A1; could; мог
A1; country; страна
A1; course; курс
A1; cousin; двоюродный брат
A1; cow; корова
A1; cream; крем
A1; create; создавать
A1; culture; культура
A1; cup; чашка
A1; customer; клиент
A1; cut; резать
A1; dad; папа
A1; dance; танцевать
A1; dancer; танцор
A1; dancing; танцы
A1; dangerous; опасный
A1; dark; темный
A1; date; дата
A1; daughter; дочь
A1; day; день
A1; dear; дорогой
A1; December; декабрь
A1; decide; решать
A1; delicious; вкусный
A1; describe; описывать
A1; description; описание
A1; design; дизайн
A1; desk; рабочий стол
A1; detail; деталь
A1; dialogue; диалог
A1; dictionary; словарь
A1; die; умереть
A1; diet; диета
A1; difference; разница
A1; different; другой
A1; difficult; трудный
A1; dinner; ужин
A1; dirty; грязный
A1; discuss; обсуждать
A1; dish; блюдо
A1; do; делать
A1; doctor; врач
A1; dog; собака
A1; dollar; доллар
A1; door; дверь
A1; down; вниз
A1; downstairs; внизу
A1; draw; рисовать
A1; dress; одеваться
A1; drink; напиток
A1; drive; водить машину
A1; driver; водитель
A1; during; в течение
A1; DVD; DVD
A1; each; каждый
A1; ear; ухо
A1; early; рано
A1; east; восток
A1; easy; легкий
A1; eat; есть
A1; egg; яйцо
A1; eight; восемь
A1; eighteen; восемнадцать
A1; eighty; восемьдесят
A1; elephant; слон
A1; eleven; одиннадцать
A1; else; еще
A1; email; электронная почта
A1; end; конец
A1; enjoy; наслаждаться
A1; enough; достаточно
A1; euro; евро
A1; even; даже
A1; evening; вечер
A1; event; событие
A1; ever; всегда
A1; every; каждый
A1; everybody; все
A1; everyone; каждый
A1; everything; все
A1; exam; экзамен
A1; example; пример
A1; excited; взволнованный
A1; exciting; захватывающий
A1; exercise; упражнение
A1; expensive; дорогой
A1; explain; объяснять
A1; extra; дополнительный
A1; eye; глаз
A1; face; лицо
A1; fact; факт
A1; fall; падать
A1; false; ЛОЖЬ
A1; family; семья
A1; famous; известный
A1; fantastic; фантастический
A1; far; далеко
A1; farm; ферма
A1; farmer; фермер
A1; fast; быстрый
A1; fat; толстый
A1; father; отец
A1; favourite; любимый
A1; February; февраль
A1; feel; чувствовать
A1; feeling; чувство
A1; festival; фестиваль
A1; few; немного
A1; fifteen; пятнадцать
A1; fifth; пятый
A1; fifty; пятьдесят
A1; fill; наполнять
A1; film; фильм
A1; final; финальный
A1; find; находить
A1; fine; отлично
A1; finish; заканчивать
A1; fire; огонь
A1; first; первый
A1; fish; рыба
A1; five; пять
A1; flat; плоский
A1; flight; полет
A1; floor; пол
A1; flower; цветок
A1; fly; летать
A1; follow; следовать
A1; food; еда
A1; foot; ступня
A1; football; футбол
A1; for; для
A1; forget; забывать
A1; form; форма
A1; forty; сорок
A1; four; четыре
A1; fourteen; четырнадцать
A1; fourth; четвертый
A1; free; бесплатно
A1; Friday; Пятница
A1; friend; друг
A1; friendly; дружелюбно
A1; from; от
A1; front; передний
A1; fruit; фрукты
A1; full; полный
A1; fun; веселье
A1; funny; забавный
A1; future; будущее
A1; game; игра
A1; garden; сад
A1; geography; география
A1; get; получать
A1; girl; девочка
A1; girlfriend; подруга
A1; give; давать
A1; glass; стекло
A1; go; идти
A1; good; хороший
A1; goodbye; до свидания
A1; grandfather; дедушка
A1; grandmother; бабушка
A1; grandparent; дедушка и бабушка
A1; great; большой
A1; green; зеленый
A1; grey; серый
A1; group; группа
A1; grow; расти
A1; guess; предполагать
A1; guitar; гитара
A1; gym; спортзал
A1; hair; волосы
A1; half; половина
A1; hand; рука
A1; happen; случаться
A1; happy; счастливый
A1; hard; жесткий
A1; hat; шляпа
A1; hate; ненавидеть
A1; have; иметь
A1; he; он
A1; head; голова
A1; health; здоровье
A1; healthy; здоровый
A1; hear; слышать
A1; hello; привет
A1; help; помощь
A1; her; ее
A1; here; здесь
A1; hey; привет
A1; hi; привет
A1; high; высокий
A1; him; ему
A1; his; его
A1; history; история
A1; hobby; хобби
A1; holiday; праздничный день
A1; home; дом
A1; homework; домашнее задание
A1; hope; надеяться
A1; horse; лошадь
A1; hospital; больница
A1; hot; горячий
A1; hotel; отель
A1; hour; час
A1; house; дом
A1; how; как
A1; however; однако
A1; hundred; сто
A1; hungry; голодный
A1; husband; муж
A1; I; я
A1; ice; лед
A1; idea; идея
A1; if; если
A1; imagine; представлять себе
A1; important; важный
A1; improve; улучшать
A1; in; в
A1; include; включать
A1; information; информация
A1; interest; интерес
A1; interested; заинтересованный
A1; interesting; интересный
A1; internet; Интернет
A1; interview; интервью
A1; into; в
A1; introduce; представлять
A1; island; остров
A1; it; это
A1; its; его
A1; jacket; куртка
A1; January; январь
A1; jeans; джинсы
A1; job; работа
A1; join; присоединиться
A1; journey; путешествие
A1; juice; сок
A1; July; Июль
A1; June; Июнь
A1; just; только
A1; keep; держать
A1; key; ключ
A1; kilometre; километр
A1; kind; добрый
A1; kitchen; кухня
A1; know; знать
A1; land; земля
A1; language; язык
A1; large; большой
A1; last; последний
A1; late; поздно
A1; later; позже
A1; laugh; смех
A1; learn; учиться
A1; leave; оставлять
A1; left; левый
A1; leg; нога
A1; lesson; урок
A1; let; позволять
A1; letter; письмо
A1; library; библиотека
A1; lie; ложь
A1; life; жизнь
A1; light; свет
A1; like; нравиться
A1; line; линия
A1; lion; лев
A1; list; список
A1; listen; слушать
A1; little; маленький
A1; live; жить
A1; local; местный
A1; long; длинный
A1; look; смотреть
A1; lose; терять
A1; lot; много
A1; love; любовь
A1; lunch; обед
A1; machine; машина
A1; magazine; журнал
A1; main; основной
A1; make; делать
A1; man; мужчина
A1; many; много
A1; map; карта
A1; March; Маршировать
A1; market; рынок
A1; married; женатый
A1; match; соответствовать
A1; May; Может
A1; maybe; может быть
A1; me; мне
A1; meal; еда
A1; mean; иметь в виду
A1; meaning; значение
A1; meat; мясо
A1; meet; встретиться
A1; meeting; встреча
A1; member; член
A1; menu; меню
A1; message; сообщение
A1; metre; метр
A1; midnight; полночь
A1; mile; миля
A1; milk; молоко
A1; million; миллион
A1; minute; минута
A1; miss; скучать
A1; mistake; ошибка
A1; model; модель
A1; modern; современный
A1; moment; момент
A1; Monday; Понедельник
A1; money; деньги
A1; month; месяц
A1; more; более
A1; morning; утро
A1; most; большинство
A1; mother; мать
A1; mountain; гора
A1; mouse; мышь
A1; mouth; рот
A1; move; двигаться
A1; movie; фильм
A1; much; много
A1; mum; мама
A1; museum; музей
A1; music; музыка
A1; must; должен
A1; my; мой
A1; name; имя
A1; natural; естественный
A1; near; около
A1; need; нуждаться
A1; negative; отрицательный
A1; neighbour; сосед
A1; never; никогда
A1; new; новый
A1; news; новости
A1; newspaper; газета
A1; next; следующий
A1; nice; хороший
A1; night; ночь
A1; nine; девять
A1; nineteen; девятнадцать
A1; ninety; девяносто
A1; no; нет
A1; nobody; никто
A1; north; север
A1; nose; нос
A1; not; нет
A1; note; примечание
A1; nothing; ничего
A1; November; ноябрь
A1; now; сейчас
A1; number; число
A1; nurse; медсестра
A1; object; объект
A1; October; Октябрь
A1; of; из
A1; off; выключенный
A1; office; офис
A1; often; часто
A1; oh; ой
A1; OK; ХОРОШО
A1; old; старый
A1; on; на
A1; once; один раз
A1; one; один
A1; onion; лук
A1; online; онлайн
A1; only; только
A1; open; открыть
A1; opinion; мнение
A1; opposite; противоположный
A1; or; или
A1; orange; апельсин
A1; order; заказ
A1; other; другой
A1; our; наш
A1; out; вне
A1; outside; снаружи
A1; over; над
A1; own; собственный
A1; page; страница
A1; paint; краска
A1; painting; рисование
A1; pair; пара
A1; paper; бумага
A1; paragraph; абзац
A1; parent; родитель
A1; park; парк
A1; part; часть
A1; partner; партнер
A1; party; вечеринка
A1; passport; паспорт
A1; past; прошлое
A1; pay; платить
A1; pen; ручка
A1; pencil; карандаш
A1; people; люди
A1; pepper; перец
A1; perfect; идеальный
A1; period; период
A1; person; человек
A1; personal; личный
A1; phone; телефон
A1; photo; фото
A1; photograph; фотография
A1; phrase; фраза
A1; piano; фортепиано
A1; picture; картина
A1; piece; кусок
A1; pig; свинья
A1; pink; розовый
A1; place; место
A1; plan; план
A1; plane; самолет
A1; plant; растение
A1; play; играть
A1; player; игрок
A1; please; пожалуйста
A1; point; точка
A1; police; полиция
A1; policeman; полицейский
A1; pool; бассейн
A1; poor; бедный
A1; popular; популярный
A1; positive; позитивный
A1; possible; возможный
A1; post; почта
A1; potato; картофель
A1; pound; фунт
A1; practice; упражняться
A1; practise; упражняться
A1; prefer; предпочитать
A1; prepare; подготовить
A1; present; подарок
A1; pretty; симпатичный
A1; price; цена
A1; probably; вероятно
A1; problem; проблема
A1; product; продукт
A1; programme; программа
A1; project; проект
A1; purple; фиолетовый
A1; put; помещать
A1; quarter; четверть
A1; question; вопрос
A1; quick; быстрый
A1; quickly; быстро
A1; quiet; тихий
A1; quite; довольно
A1; radio; радио
A1; rain; дождь
A1; read; читать
A1; reader; читатель
A1; reading; чтение
A1; ready; готовый
A1; real; настоящий
A1; really; Действительно
A1; reason; причина
A1; red; красный
A1; relax; расслабляться
A1; remember; помнить
A1; repeat; повторить
A1; report; отчет
A1; restaurant; ресторан
A1; result; результат
A1; return; возвращаться
A1; rice; рис
A1; rich; богатый
A1; ride; поездка
A1; right; верно
A1; river; река
A1; road; дорога
A1; room; комната
A1; routine; рутина
A1; rule; правило
A1; run; бегать
A1; sad; грустный
A1; salad; салат
A1; salt; соль
A1; same; такой же
A1; sandwich; бутерброд
A1; Saturday; Суббота
A1; say; сказать
A1; school; школа
A1; science; наука
A1; scientist; учёный
A1; sea; море
A1; second; второй
A1; section; раздел
A1; see; видеть
A1; sell; продавать
A1; send; отправлять
A1; sentence; предложение
A1; September; Сентябрь
A1; seven; Семь
A1; seventeen; семнадцать
A1; seventy; семьдесят
A1; share; делиться
A1; she; она
A1; sheep; овца
A1; shirt; рубашка
A1; shoe; туфля
A1; shop; магазин
A1; shopping; шопинг
A1; short; короткий
A1; should; должен
A1; show; показывать
A1; shower; душ
A1; sick; больной
A1; similar; похожий
A1; sing; петь
A1; singer; певец
A1; sister; сестра
A1; sit; сидеть
A1; situation; ситуация
A1; six; шесть
A1; sixteen; шестнадцать
A1; sixty; шестьдесят
A1; skill; навык
A1; skirt; юбка
A1; sleep; спать
A1; slow; медленный
A1; small; маленький
A1; snake; змея
A1; snow; снег
A1; so; так
A1; some; некоторый
A1; somebody; кто-нибудь
A1; someone; кто-то
A1; something; что-нибудь
A1; sometimes; иногда
A1; son; сын
A1; song; песня
A1; soon; скоро
A1; sorry; извини
A1; sound; звук
A1; soup; суп
A1; south; юг
A1; space; космос
A1; speak; говорить
A1; special; особенный
A1; spell; заклинание
A1; spelling; написание
A1; spend; тратить
A1; sport; спорт
A1; spring; весна
A1; stand; стоять
A1; star; звезда
A1; start; начинать
A1; statement; заявление
A1; station; станция
A1; stay; оставаться
A1; still; все еще
A1; stop; останавливаться
A1; story; история
A1; street; улица
A1; strong; сильный
A1; student; студент
A1; study; изучать
A1; style; стиль
A1; subject; предмет
A1; success; успех
A1; sugar; сахар
A1; summer; лето
A1; sun; солнце
A1; Sunday; Воскресенье
A1; supermarket; супермаркет
A1; sure; конечно
A1; sweater; свитер
A1; swim; плавать
A1; swimming; плавание
A1; T-shirt; футболка
A1; table; стол
A1; take; брать
A1; talk; разговаривать
A1; tall; высокий
A1; taxi; такси
A1; tea; чай
A1; teach; учить
A1; teacher; учитель
A1; team; команда
A1; teenager; подросток
A1; telephone; телефон
A1; television; телевидение
A1; tell; рассказывать
A1; ten; десять
A1; tennis; теннис
A1; terrible; ужасный
A1; test; тест
A1; text; текст
A1; than; чем
A1; thank; благодарить
A1; thanks; Спасибо
A1; that; что
A1; the; тот
A1; theatre; театр
A1; their; их
A1; them; их
A1; then; затем
A1; there; там
A1; they; они
A1; thing; вещь
A1; think; думать
A1; third; третий
A1; thirsty; испытывающий жажду
A1; thirteen; тринадцать
A1; thirty; тридцать
A1; this; этот
A1; thousand; тысяча
A1; three; три
A1; through; через
A1; Thursday; Четверг
A1; ticket; билет
A1; time; время
A1; tired; усталый
A1; title; заголовок
A1; to; к
A1; today; сегодня
A1; together; вместе
A1; toilet; туалет
A1; tomato; помидор
A1; tomorrow; завтра
A1; tonight; сегодня вечером
A1; too; слишком
A1; tooth; зуб
A1; topic; тема
A1; tourist; турист
A1; town; город
A1; traffic; трафик
A1; train; тренироваться
A1; travel; путешествовать
A1; tree; дерево
A1; trip; путешествие
A1; trousers; брюки
A1; true; истинный
A1; try; пытаться
A1; Tuesday; Вторник
A1; turn; повернуть
A1; TV; ТВ
A1; twelve; двенадцать
A1; twenty; двадцать
A1; twice; дважды
A1; two; два
A1; type; тип
A1; umbrella; зонтик
A1; uncle; дядя
A1; under; под
A1; understand; понимать
A1; university; университет
A1; until; до
A1; up; вверх
A1; upstairs; наверху
A1; us; нас
A1; use; использовать
A1; useful; полезный
A1; usually; обычно
A1; vacation; отпуск
A1; vegetable; овощной
A1; very; очень
A1; video; видео
A1; village; деревня
A1; visit; посещать
A1; visitor; посетитель
A1; wait; ждать
A1; waiter; официант
A1; wake; будить
A1; walk; ходить
A1; wall; стена
A1; want; хотеть
A1; warm; теплый
A1; wash; стирать
A1; watch; смотреть
A1; water; вода
A1; way; способ
A1; we; мы
A1; wear; носить
A1; weather; погода
A1; website; веб-сайт
A1; Wednesday; Среда
A1; week; неделя
A1; weekend; выходные
A1; welcome; добро пожаловать
A1; well; хорошо
A1; west; запад
A1; what; что
A1; when; когда
A1; where; где
A1; which; который
A1; white; белый
A1; who; кто
A1; why; почему
A1; wife; жена
A1; will; воля
A1; win; победить
A1; window; окно
A1; wine; вино
A1; winter; зима
A1; with; с
A1; without; без
A1; woman; женщина
A1; wonderful; замечательный
A1; word; слово
A1; work; работа
A1; worker; рабочий
A1; world; мир
A1; would; бы
A1; write; писать
A1; writer; писатель
A1; writing; письмо
A1; wrong; неправильный
A1; yeah; ага
A1; year; год
A1; yellow; желтый
A1; yes; да
A1; yesterday; вчера
A1; you; ты
A1; young; молодой
A1; your; твой
A1; yourself; сам
A2; ability; способность
A2; able; способный
A2; abroad; за границей
A2; accept; принимать
A2; accident; несчастный случай
A2; according; согласно
A2; achieve; достигать
A2; act; действовать
A2; active; активный
A2; actually; на самом деле
A2; adult; взрослый
A2; advantage; преимущество
A2; adventure; приключение
A2; advertise; рекламировать
A2; advertisement; реклама
A2; advertising; реклама
A2; affect; оказывать воздействие
A2; after; после
A2; against; против
A2; ah; ах
A2; airline; авиакомпания
A2; alive; живой
A2; all; все
A2; allow; позволять
A2; almost; почти
A2; alone; один
A2; along; вдоль
A2; already; уже
A2; alternative; альтернатива
A2; although; хотя
A2; among; среди
A2; amount; количество
A2; ancient; древний
A2; ankle; лодыжка
A2; any; любой
A2; anybody; кто-нибудь
A2; anyway; в любом случае
A2; anywhere; где угодно
A2; app; приложение
A2; appear; появляться
A2; appearance; появление
A2; apply; применять
A2; architect; архитектор
A2; architecture; архитектура
A2; argue; спорить
A2; argument; аргумент
A2; army; армия
A2; arrange; договариваться
A2; arrangement; договоренность
A2; as; как
A2; asleep; спящий
A2; assistant; помощник
A2; athlete; спортсмен
A2; attack; атаковать
A2; attend; посещать
A2; attention; внимание
A2; attractive; привлекательный
A2; audience; аудитория
A2; author; автор
A2; available; доступный
A2; average; средний
A2; avoid; избегать
A2; award; награда
A2; awful; ужасный
A2; back; назад
A2; background; фон
A2; badly; плохо
A2; bar; бар
A2; baseball; бейсбол
A2; based; основанный на
A2; basketball; баскетбол
A2; bean; боб
A2; bear; медведь
A2; beat; бить
A2; beef; говядина
A2; before; до
A2; behave; вести себя
A2; behaviour; поведение
A2; belong; принадлежать
A2; belt; пояс
A2; benefit; выгода
A2; best; лучший
A2; better; лучше
A2; between; между
A2; billion; миллиард
A2; bin; мусорное ведро
A2; biology; биология
A2; birth; рождение
A2; biscuit; бисквит
A2; bit; кусочек
A2; blank; пустой
A2; blood; кровь
A2; blow; дуть
A2; board; доска
A2; boil; варить
A2; bone; кость
A2; book; книга
A2; borrow; занимать
A2; boss; босс
A2; bottom; нижний
A2; bowl; чаша
A2; brain; мозг
A2; bridge; мост
A2; bright; яркий
A2; brilliant; блестящий
A2; broken; сломанный
A2; brush; щетка
A2; burn; гореть
A2; businessman; бизнесмен
A2; button; кнопка
A2; camp; лагерь
A2; camping; кемпинг
A2; can; может
A2; care; забота
A2; careful; осторожный
A2; carefully; осторожно
A2; carpet; ковер
A2; cartoon; мультфильм
A2; case; случай
A2; cash; наличные
A2; castle; замок
A2; catch; ловить
A2; cause; причина
A2; celebrate; праздновать
A2; celebrity; знаменитость
A2; certain; определенный
A2; certainly; конечно
A2; chance; шанс
A2; character; характер
A2; charity; благотворительность
A2; chat; чат
A2; check; проверять
A2; chef; повар
A2; chemistry; химия
A2; chip; чип
A2; choice; выбор
A2; church; церковь
A2; cigarette; сигарета
A2; circle; круг
A2; classical; классический
A2; clear; прозрачный
A2; clearly; четко
A2; clever; умный
A2; climate; климат
A2; close; закрывать
A2; closed; закрыто
A2; clothing; одежда
A2; cloud; облако
A2; coach; тренер
A2; coast; побережье
A2; code; код
A2; colleague; коллега
A2; collect; собирать
A2; column; столбец
A2; comedy; комедия
A2; comfortable; комфортный
A2; comment; комментарий
A2; communicate; общаться
A2; community; сообщество
A2; compete; конкурировать
A2; competition; соревнование
A2; complain; жаловаться
A2; completely; полностью
A2; condition; состояние
A2; conference; конференция
A2; connect; соединять
A2; connected; подключен
A2; consider; учитывать
A2; contain; содержать
A2; context; контекст
A2; continent; континент
A2; continue; продолжать
A2; control; контроль
A2; cook; готовить
A2; cooker; плита
A2; copy; копировать
A2; corner; угол
A2; correctly; правильно
A2; count; считать
A2; couple; пара
A2; cover; крышка
A2; crazy; сумасшедший
A2; creative; творческий
A2; credit; кредит
A2; crime; преступление
A2; criminal; преступник
A2; cross; крест
A2; crowd; толпа
A2; crowded; переполненный
A2; cry; плакать
A2; cupboard; буфет
A2; curly; кудрявый
A2; cycle; цикл
A2; daily; ежедневно
A2; danger; Опасность
A2; dark; темный
A2; data; данные
A2; dead; мертвый
A2; deal; иметь дело
A2; dear; дорогой
A2; death; смерть
A2; decision; решение
A2; deep; глубокий
A2; definitely; определенно
A2; degree; степень
A2; dentist; дантист
A2; department; отделение
A2; depend; зависеть
A2; desert; пустыня
A2; designer; дизайнер
A2; destroy; разрушать
A2; detective; детектив
A2; develop; развивать
A2; device; устройство
A2; diary; дневник
A2; differently; по-другому
A2; digital; цифровой
A2; direct; прямой
A2; direction; направление
A2; director; директор
A2; disagree; не согласен
A2; disappear; пропадать
A2; disaster; катастрофа
A2; discover; обнаружить
A2; discovery; открытие
A2; discussion; обсуждение
A2; disease; болезнь
A2; distance; расстояние
A2; divorced; в разводе
A2; document; документ
A2; double; двойной
A2; download; скачать
A2; downstairs; внизу
A2; drama; драма
A2; drawing; рисунок
A2; dream; мечтать
A2; drive; водить машину
A2; driving; вождение
A2; drop; уронить
A2; drug; лекарство
A2; dry; сухой
A2; earn; зарабатывать
A2; earth; земля
A2; easily; легко
A2; education; образование
A2; effect; эффект
A2; either; или
A2; electric; электрический
A2; electrical; электрический
A2; electricity; электричество
A2; electronic; электронный
A2; employ; нанимать
A2; employee; сотрудник
A2; employer; работодатель
A2; empty; пустой
A2; ending; окончание
A2; energy; энергия
A2; engine; двигатель
A2; engineer; инженер
A2; enormous; громадный
A2; enter; входить
A2; environment; среда
A2; equipment; оборудование
A2; error; ошибка
A2; especially; особенно
A2; essay; эссе
A2; everyday; каждый день
A2; everywhere; повсюду
A2; evidence; доказательство
A2; exact; точный
A2; exactly; точно
A2; excellent; отличный
A2; except; кроме
A2; exist; существовать
A2; expect; ожидать
A2; experience; опыт
A2; experiment; эксперимент
A2; expert; эксперт
A2; explanation; объяснение
A2; express; выражать
A2; expression; выражение
A2; extreme; крайний
A2; extremely; очень сильно
A2; factor; фактор
A2; factory; фабрика
A2; fail; неудача
A2; fair; справедливый
A2; fall; падать
A2; fan; вентилятор
A2; farm; ферма
A2; farming; сельское хозяйство
A2; fashion; мода
A2; fat; толстый
A2; fear; страх
A2; feature; особенность
A2; feed; кормить
A2; female; женский
A2; fiction; вымысел
A2; field; поле
A2; fight; драться
A2; figure; фигура
A2; film; фильм
A2; final; финальный
A2; finally; окончательно
A2; finger; палец
A2; finish; заканчивать
A2; first; первый
A2; firstly; во-первых
A2; fish; рыба
A2; fishing; рыбалка
A2; fit; соответствовать
A2; fix; исправить
A2; flat; плоский
A2; flu; грипп
A2; fly; летать
A2; flying; летающий
A2; focus; фокус
A2; following; следующий
A2; foreign; иностранный
A2; forest; лес
A2; fork; вилка
A2; formal; формальный
A2; fortunately; к счастью
A2; forward; вперед
A2; free; бесплатно
A2; fresh; свежий
A2; fridge; холодильник
A2; frog; лягушка
A2; fun; веселье
A2; furniture; мебель
A2; further; дальше
A2; future; будущее
A2; gallery; галерея
A2; gap; зазор
A2; gas; газ
A2; gate; ворота
A2; general; общий
A2; gift; подарок
A2; goal; цель
A2; god; бог
A2; gold; золото
A2; golf; гольф
A2; good; хороший
A2; government; правительство
A2; grass; трава
A2; greet; приветствовать
A2; ground; земля
A2; guest; гость
A2; guide; гид
A2; gun; пистолет
A2; guy; парень
A2; habit; привычка
A2; half; половина
A2; hall; зал
A2; happily; счастливо
A2; have; иметь
A2; headache; головная боль
A2; heart; сердце
A2; heat; нагревать
A2; heavy; тяжелый
A2; height; высота
A2; helpful; полезный
A2; hero; герой
A2; hers; ее
A2; herself; себя
A2; hide; скрывать
A2; high; высокий
A2; hill; холм
A2; himself; сам
A2; his; его
A2; hit; ударять
A2; hockey; хоккей
A2; hold; держать
A2; hole; дыра
A2; home; дом
A2; hope; надеяться
A2; huge; огромный
A2; human; человек
A2; hurt; повредить
A2; ideal; идеальный
A2; identify; идентифицировать
A2; ill; больной
A2; illness; болезнь
A2; image; изображение
A2; immediately; немедленно
A2; impossible; невозможный
A2; included; включено
A2; including; включая
A2; increase; увеличивать
A2; incredible; невероятный
A2; independent; независимый
A2; individual; индивидуальный
A2; industry; промышленность
A2; informal; неофициальный
A2; injury; рана
A2; insect; насекомое
A2; inside; внутри
A2; instead; вместо
A2; instruction; инструкция
A2; instructor; инструктор
A2; instrument; инструмент
A2; intelligent; разумный
A2; international; международный
A2; introduction; введение
A2; invent; изобретать
A2; invention; изобретение
A2; invitation; приглашение
A2; invite; приглашать
A2; involve; вовлекать
A2; item; элемент
A2; itself; сам
A2; jam; варенье
A2; jazz; джаз
A2; jewellery; ювелирные изделия
A2; joke; шутить
A2; journalist; журналист
A2; jump; прыгать
A2; kid; ребенок
A2; kill; убийство
A2; king; король
A2; knee; колено
A2; knife; нож
A2; knock; стучать
A2; knowledge; знание
A2; lab; лаборатория
A2; lady; леди
A2; lake; озеро
A2; lamp; лампа
A2; land; земля
A2; laptop; ноутбук
A2; last; последний
A2; later; позже
A2; laughter; смех
A2; law; закон
A2; lawyer; адвокат
A2; lazy; ленивый
A2; lead; вести
A2; leader; лидер
A2; learning; обучение
A2; least; наименее
A2; lecture; лекция
A2; lemon; лимон
A2; lend; одалживать
A2; less; меньше
A2; level; уровень
A2; lifestyle; образ жизни
A2; lift; поднимать
A2; light; свет
A2; likely; вероятный
A2; link; связь
A2; listener; слушатель
A2; little; маленький
A2; lock; замок
A2; look; смотреть
A2; lorry; грузовик
A2; lost; потерянный
A2; loud; громкий
A2; loudly; громко
A2; lovely; прекрасный
A2; low; низкий
A2; luck; удача
A2; lucky; удачливый
A2; mail; почта
A2; major; главный
A2; male; мужской
A2; manage; управлять
A2; manager; менеджер
A2; manner; манера
A2; mark; отметка
A2; marry; жениться
A2; material; материал
A2; mathematics; математика
A2; maths; математика
A2; matter; иметь значение
A2; may; может
A2; media; СМИ
A2; medical; медицинский
A2; medicine; лекарство
A2; memory; память
A2; mention; упомянуть
A2; metal; металл
A2; method; метод
A2; middle; середина
A2; might; мощь
A2; mind; разум
A2; mine; мой
A2; mirror; зеркало
A2; missing; отсутствующий
A2; mobile; мобильный
A2; monkey; обезьяна
A2; moon; луна
A2; mostly; по большей части
A2; motorcycle; мотоцикл
A2; movement; движение
A2; musical; мюзикл
A2; musician; музыкант
A2; myself; сам
A2; narrow; узкий
A2; national; национальный
A2; nature; природа
A2; nearly; около
A2; necessary; необходимый
A2; neck; шея
A2; need; нуждаться
A2; neither; ни один
A2; nervous; нервный
A2; network; сеть
A2; noise; шум
A2; noisy; шумный
A2; none; никто
A2; normal; нормальный
A2; normally; обычно
A2; notice; уведомление
A2; novel; роман
A2; nowhere; нигде
A2; number; число
A2; nut; орех
A2; ocean; океан
A2; offer; предложение
A2; officer; офицер
A2; oil; масло
A2; onto; на
A2; opportunity; возможность
A2; option; вариант
A2; ordinary; обычный
A2; organization; организация
A2; organize; организовать
A2; original; оригинальный
A2; ourselves; мы сами
A2; outside; снаружи
A2; oven; печь
A2; own; собственный
A2; owner; владелец
A2; pack; пакет
A2; pain; боль
A2; painter; художник
A2; palace; дворец
A2; pants; брюки
A2; parking; стоянка
A2; particular; особый
A2; pass; проходить
A2; passenger; пассажир
A2; past; прошлое
A2; patient; пациент
A2; pattern; шаблон
A2; pay; платить
A2; peace; мир
A2; penny; пенни
A2; per; за
A2; perform; выполнять
A2; perhaps; возможно
A2; permission; разрешение
A2; personality; личность
A2; pet; домашний питомец
A2; petrol; бензин
A2; photograph; фотография
A2; physical; физический
A2; physics; физика
A2; pick; выбирать
A2; pilot; пилот
A2; planet; планета
A2; plant; растение
A2; plastic; пластик
A2; plate; тарелка
A2; platform; платформа
A2; please; пожалуйста
A2; pleased; довольный
A2; pocket; карман
A2; polite; вежливый
A2; pollution; загрязнение
A2; pop; поп
A2; population; население
A2; position; позиция
A2; possession; владение
A2; possibility; возможность
A2; poster; плакат
A2; power; власть
A2; predict; предсказывать
A2; present; подарок
A2; president; президент
A2; prevent; предотвращать
A2; print; распечатать
A2; printer; принтер
A2; prison; тюрьма
A2; prize; приз
A2; process; процесс
A2; produce; производить
A2; professional; профессиональный
A2; professor; профессор
A2; profile; профиль
A2; program; программа
A2; progress; прогресс
A2; promise; обещать
A2; pronounce; произносить
A2; protect; защищать
A2; provide; предоставлять
A2; pub; паб
A2; public; общественный
A2; publish; публиковать
A2; pull; тянуть
A2; purpose; цель
A2; push; толкать
A2; quality; качество
A2; quantity; количество
A2; queen; королева
A2; question; вопрос
A2; quietly; тихо
A2; race; раса
A2; railway; железная дорога
A2; raise; поднимать
A2; rate; ставка
A2; rather; скорее
A2; reach; достигать
A2; react; реагировать
A2; realize; понимать
A2; receive; получать
A2; recent; недавний
A2; recently; недавно
A2; reception; прием
A2; recipe; рецепт
A2; recognize; распознавать
A2; recommend; рекомендовать
A2; record; записывать
A2; recording; запись
A2; recycle; перерабатывать
A2; reduce; уменьшать
A2; refer; ссылаться
A2; refuse; мусор
A2; region; область
A2; regular; обычный
A2; relationship; отношение
A2; remove; удалять
A2; repair; ремонт
A2; replace; заменять
A2; reply; отвечать
A2; report; отчет
A2; reporter; репортер
A2; request; запрос
A2; research; исследовать
A2; researcher; исследователь
A2; respond; отвечать
A2; response; ответ
A2; rest; отдых
A2; review; обзор
A2; ride; поездка
A2; ring; кольцо
A2; rise; рост
A2; rock; камень
A2; role; роль
A2; roof; крыша
A2; round; круглый
A2; route; маршрут
A2; rubbish; мусор
A2; rude; грубый
A2; run; бегать
A2; runner; бегун
A2; running; бег
A2; sadly; грустно
A2; safe; безопасный
A2; sail; плыть
A2; sailing; парусный спорт
A2; salary; зарплата
A2; sale; распродажа
A2; sauce; соус
A2; save; сохранять
A2; scared; испуганный
A2; scary; страшный
A2; scene; сцена
A2; schedule; расписание
A2; score; счет
A2; screen; экран
A2; search; поиск
A2; season; сезон
A2; seat; сиденье
A2; second; второй
A2; secondly; во-вторых
A2; secret; секрет
A2; secretary; секретарь
A2; seem; казаться
A2; sense; смысл
A2; separate; отдельный
A2; series; ряд
A2; serious; серьезный
A2; serve; служить
A2; service; услуга
A2; several; несколько
A2; shake; трясти
A2; shall; должен
A2; shape; форма
A2; sheet; лист
A2; ship; корабль
A2; shoulder; плечо
A2; shout; кричать
A2; shut; закрыть
A2; side; сторона
A2; sign; знак
A2; silver; серебро
A2; simple; простой
A2; since; с
A2; singing; пение
A2; single; одинокий
A2; sir; сэр
A2; site; сайт
A2; size; размер
A2; ski; лыжи
A2; skiing; катание на лыжах
A2; skin; кожа
A2; sky; небо
A2; sleep; спать
A2; slowly; медленно
A2; smartphone; смартфон
A2; smell; запах
A2; smile; улыбка
A2; smoke; курить
A2; smoking; курение
A2; soap; мыло
A2; soccer; футбольный
A2; social; социальный
A2; society; общество
A2; sock; носок
A2; soft; мягкий
A2; soldier; солдат
A2; solution; решение
A2; solve; решать
A2; somewhere; где-то
A2; sort; сортировать
A2; source; источник
A2; speaker; оратор
A2; specific; специфический
A2; speech; речь
A2; speed; скорость
A2; spider; паук
A2; spoon; ложка
A2; square; квадрат
A2; stage; этап
A2; stair; лестница
A2; stamp; штамп
A2; star; звезда
A2; start; начинать
A2; state; состояние
A2; stay; оставаться
A2; steal; воровать
A2; step; шаг
A2; stomach; желудок
A2; stone; камень
A2; store; магазин
A2; storm; шторм
A2; straight; прямой
A2; strange; странный
A2; strategy; стратегия
A2; stress; стресс
A2; structure; структура
A2; stupid; глупый
A2; succeed; преуспевать
A2; successful; успешный
A2; such; такой
A2; suddenly; внезапно
A2; suggest; предлагать
A2; suggestion; предположение
A2; suit; подходить
A2; support; поддерживать
A2; suppose; предполагать
A2; sure; конечно
A2; surprise; сюрприз
A2; surprised; удивлен
A2; surprising; удивительно
A2; survey; опрос
A2; sweet; сладкий
A2; symbol; символ
A2; system; система
A2; tablet; планшет
A2; talk; разговаривать
A2; target; цель
A2; task; задача
A2; taste; вкус
A2; teaching; преподавание
A2; technology; технология
A2; teenage; подростковый
A2; temperature; температура
A2; term; срок
A2; text; текст
A2; themselves; сами себя
A2; thick; толстый
A2; thief; вор
A2; thin; тонкий
A2; thinking; мышление
A2; third; третий
A2; thought; мысль
A2; throw; бросать
A2; tidy; аккуратный
A2; tie; галстук
A2; tip; кончик
A2; tool; инструмент
A2; top; вершина
A2; touch; трогать
A2; tour; тур
A2; tourism; туризм
A2; towards; к
A2; towel; полотенце
A2; tower; башня
A2; toy; игрушка
A2; track; отслеживать
A2; tradition; традиция
A2; traditional; традиционный
A2; train; тренироваться
A2; trainer; тренер
A2; training; обучение
A2; transport; транспорт
A2; traveller; путешественник
A2; trouble; беда
A2; truck; грузовик
A2; twin; близнец
A2; typical; типичный
A2; underground; под землей
A2; understanding; понимание
A2; unfortunately; к сожалению
A2; unhappy; несчастный
A2; uniform; униформа
A2; unit; единица
A2; united; объединенный
A2; unusual; необычный
A2; upstairs; наверху
A2; use; использовать
A2; used; использовал
A2; user; пользователь
A2; usual; обычный
A2; valley; долина
A2; van; фургон
A2; variety; разнообразие
A2; vehicle; транспортное средство
A2; view; вид
A2; virus; вирус
A2; voice; голос
A2; wait; ждать
A2; war; война
A2; wash; стирать
A2; washing; стирка
A2; wave; волна
A2; weak; слабый
A2; web; сеть
A2; wedding; свадьба
A2; weight; масса
A2; welcome; добро пожаловать
A2; wet; влажный
A2; wheel; колесо
A2; while; пока
A2; whole; весь
A2; whose; чей
A2; wide; широкий
A2; wild; дикий
A2; wind; ветер
A2; winner; победитель
A2; wish; желание
A2; wood; древесина
A2; wooden; деревянный
A2; working; работающий
A2; worried; волновался
A2; worry; волноваться
A2; worse; худший
A2; worst; худший
A2; wow; ух ты
A2; yet; еще
A2; yours; твой
A2; zero; ноль
B1; absolutely; абсолютно
B1; academic; академический
B1; access; доступ
B1; accommodation; размещение
B1; account; счет
B1; achievement; достижение
B1; act; действовать
B1; ad; объявление
B1; addition; добавление
B1; admire; восхищаться
B1; admit; признавать
B1; advanced; передовой
B1; advise; советовать
B1; afford; предоставлять
B1; age; возраст
B1; aged; в возрасте
B1; agent; агент
B1; agreement; соглашение
B1; ahead; предстоящий
B1; aim; цель
B1; alarm; тревога
B1; album; альбом
B1; alcohol; алкоголь
B1; alcoholic; алкоголик
B1; alternative; альтернатива
B1; amazed; поражен
B1; ambition; амбиции
B1; ambitious; амбициозный
B1; analyse; анализировать
B1; analysis; анализ
B1; announce; объявить
B1; announcement; объявление
B1; annoy; раздражать
B1; annoyed; раздраженный
B1; annoying; раздражающий
B1; apart; отдельно
B1; apologize; извиняться
B1; application; приложение
B1; appointment; встреча
B1; appreciate; ценить
B1; approximately; примерно
B1; arrest; арестовать
B1; arrival; прибытие
B1; assignment; назначение
B1; assist; помогать
B1; atmosphere; атмосфера
B1; attach; прикреплять
B1; attitude; отношение
B1; attract; привлекать
B1; attraction; аттракцион
B1; authority; власть
B1; average; средний
B1; award; награда
B1; aware; осведомленный
B1; backwards; назад
B1; bake; выпекать
B1; balance; баланс
B1; ban; запретить
B1; bank; банк
B1; base; база
B1; basic; базовый
B1; basis; основа
B1; battery; батарея
B1; battle; боевой
B1; beauty; красота
B1; bee; пчела
B1; belief; вера
B1; bell; колокол
B1; bend; сгибать
B1; benefit; выгода
B1; better; лучше
B1; bite; кусать
B1; block; блокировать
B1; board; доска
B1; bomb; бомбить
B1; border; граница
B1; bother; беспокоить
B1; branch; ветвь
B1; brand; бренд
B1; brave; храбрый
B1; breath; дыхание
B1; breathe; дышать
B1; breathing; дыхание
B1; bride; невеста
B1; bubble; пузырь
B1; bury; хоронить
B1; by; к
B1; calm; спокойствие
B1; campaign; кампания
B1; campus; кампус
B1; candidate; кандидат
B1; cap; кепка
B1; captain; капитан
B1; careless; беспечный
B1; category; категория
B1; ceiling; потолок
B1; celebration; праздник
B1; central; центральный
B1; centre; центр
B1; ceremony; церемония
B1; chain; цепь
B1; challenge; испытание
B1; champion; чемпион
B1; channel; канал
B1; chapter; глава
B1; charge; заряжать
B1; cheap; дешевый
B1; cheat; изменять
B1; cheerful; жизнерадостный
B1; chemical; химический
B1; chest; грудь
B1; childhood; детство
B1; claim; требовать
B1; clause; пункт
B1; clear; прозрачный
B1; click; щелкнуть
B1; client; клиент
B1; climb; взбираться
B1; close; закрывать
B1; cloth; ткань
B1; clue; зацепка
B1; coach; тренер
B1; coal; уголь
B1; coin; монета
B1; collection; коллекция
B1; coloured; цветной
B1; combine; объединить
B1; comment; комментарий
B1; commercial; коммерческий
B1; commit; совершить
B1; communication; коммуникация
B1; comparison; сравнение
B1; competitive; конкурентоспособный
B1; competitor; конкурент
B1; complaint; жалоба
B1; complex; сложный
B1; concentrate; сконцентрироваться
B1; conclude; заключать
B1; conclusion; заключение
B1; confident; уверенный
B1; confirm; подтверждать
B1; confuse; путать
B1; confused; смущенный
B1; connection; связь
B1; consequence; последствие
B1; consist; состоять
B1; consume; потреблять
B1; consumer; потребитель
B1; contact; контакт
B1; container; контейнер
B1; content; содержание
B1; continuous; непрерывный
B1; contrast; контраст
B1; convenient; удобный
B1; convince; убеждать
B1; cool; прохладный
B1; costume; костюм
B1; cottage; коттедж
B1; cotton; хлопок
B1; count; считать
B1; countryside; сельская местность
B1; court; суд
B1; cover; крышка
B1; covered; покрытый
B1; cream; крем
B1; criminal; преступник
B1; cruel; жестокий
B1; cultural; культурный
B1; currency; валюта
B1; current; текущий
B1; currently; в настоящее время
B1; curtain; занавес
B1; custom; обычай
B1; cut; резать
B1; daily; ежедневно
B1; damage; повреждать
B1; deal; иметь дело
B1; decade; десятилетие
B1; decorate; украшать
B1; deep; глубокий
B1; define; определять
B1; definite; определенный
B1; definition; определение
B1; deliver; доставлять
B1; departure; отправление
B1; despite; несмотря на
B1; destination; место назначения
B1; determine; определять
B1; determined; определенный
B1; development; разработка
B1; diagram; диаграмма
B1; diamond; алмаз
B1; difficulty; трудность
B1; direct; прямой
B1; directly; напрямую
B1; dirt; грязь
B1; disadvantage; недостаток
B1; disappointed; расстроенный
B1; disappointing; разочаровывающий
B1; discount; скидка
B1; dislike; не нравится
B1; divide; разделять
B1; documentary; документальный фильм
B1; donate; пожертвовать
B1; double; двойной
B1; doubt; сомневаться
B1; dressed; одет
B1; drop; уронить
B1; drum; барабан
B1; drunk; пьяный
B1; due; должный
B1; dust; пыль
B1; duty; долг
B1; earthquake; землетрясение
B1; eastern; восточный
B1; economic; экономический
B1; economy; экономика
B1; edge; край
B1; editor; редактор
B1; educate; обучать
B1; educated; образованный
B1; educational; образовательный
B1; effective; эффективный
B1; effectively; эффективно
B1; effort; усилие
B1; election; выборы
B1; element; элемент
B1; embarrassed; смущенный
B1; embarrassing; смущающий
B1; emergency; чрезвычайная ситуация
B1; emotion; эмоция
B1; employment; работа
B1; empty; пустой
B1; encourage; поощрять
B1; enemy; враг
B1; engaged; помолвлен
B1; engineering; инженерия
B1; entertain; развлекать
B1; entertainment; развлечение
B1; entrance; вход
B1; entry; вход
B1; environmental; относящийся к окружающей среде
B1; episode; эпизод
B1; equal; равный
B1; equally; поровну
B1; escape; побег
B1; essential; существенный
B1; eventually; в конце концов
B1; examine; исследовать
B1; except; кроме
B1; exchange; обмен
B1; excitement; возбуждение
B1; exhibition; выставка
B1; expand; расширять
B1; expected; ожидал
B1; expedition; экспедиция
B1; experience; опыт
B1; experienced; опытный
B1; experiment; эксперимент
B1; explode; взорваться
B1; explore; исследовать
B1; explosion; взрыв
B1; export; экспорт
B1; extra; дополнительный
B1; face; лицо
B1; fairly; весьма
B1; familiar; привычный
B1; fancy; изысканный
B1; far; далеко
B1; fascinating; очаровательный
B1; fashionable; модный
B1; fasten; закрепить
B1; favour; услуга
B1; fear; страх
B1; feature; особенность
B1; fence; изгородь
B1; fighting; борьба
B1; file; файл
B1; financial; финансовый
B1; fire; огонь
B1; fitness; фитнес
B1; fixed; зафиксированный
B1; flag; флаг
B1; flood; наводнение
B1; flour; мука
B1; flow; поток
B1; fold; складывать
B1; folk; народный
B1; following; следующий
B1; force; сила
B1; forever; навсегда
B1; frame; рамка
B1; freeze; заморозить
B1; frequently; часто
B1; friendship; дружба
B1; frighten; пугать
B1; frightened; испуганный
B1; frightening; пугающий
B1; frozen; замороженный
B1; fry; жарить
B1; fuel; топливо
B1; function; функция
B1; fur; шерсть
B1; further; дальше
B1; garage; гараж
B1; gather; собирать
B1; generally; в целом
B1; generation; поколение
B1; generous; щедрый
B1; gentle; нежный
B1; gentleman; джентльмен
B1; ghost; призрак
B1; giant; гигант
B1; glad; радостный
B1; global; глобальный
B1; glove; перчатка
B1; go; идти
B1; goods; товары
B1; grade; оценка
B1; graduate; выпускник
B1; grain; зерно
B1; grateful; благодарный
B1; growth; рост
B1; guard; сторожить
B1; guilty; виновный
B1; hand; рука
B1; hang; вешать
B1; happiness; счастье
B1; hardly; едва ли
B1; hate; ненавидеть
B1; head; голова
B1; headline; заголовок
B1; heating; обогрев
B1; heavily; тяжело
B1; helicopter; вертолет
B1; highlight; выделять
B1; highly; высоко
B1; hire; нанимать
B1; historic; исторический
B1; historical; исторический
B1; honest; честный
B1; horrible; ужасный
B1; horror; ужас
B1; host; хозяин
B1; hunt; охотиться
B1; hurricane; ураган
B1; hurry; торопиться
B1; identity; личность
B1; ignore; игнорировать
B1; illegal; незаконный
B1; imaginary; воображаемый
B1; immediate; немедленный
B1; immigrant; иммигрант
B1; impact; влияние
B1; import; импортировать
B1; importance; важность
B1; impression; впечатление
B1; impressive; впечатляющий
B1; improvement; улучшение
B1; incredibly; невероятно
B1; indeed; действительно
B1; indicate; указывать
B1; indirect; косвенный
B1; indoor; крытый
B1; indoors; в помещении
B1; influence; влияние
B1; ingredient; ингредиент
B1; injure; ранить
B1; injured; раненый
B1; innocent; невиновный
B1; intelligence; интеллект
B1; intend; намереваться
B1; intention; намерение
B1; invest; инвестировать
B1; investigate; расследовать
B1; involved; вовлеченный
B1; iron; железо
B1; issue; проблема
B1; IT; ЭТО
B1; journal; журнал
B1; judge; судить
B1; keen; увлеченный
B1; key; ключ
B1; keyboard; клавиатура
B1; kick; пинать
B1; killing; убийство
B1; kind; добрый
B1; kiss; целовать
B1; knock; стучать
B1; label; этикетка
B1; laboratory; лаборатория
B1; lack; недостаток
B1; latest; последний
B1; lay; класть
B1; layer; слой
B1; lead; вести
B1; leading; ведущий
B1; leaf; лист
B1; leather; кожа
B1; legal; юридический
B1; leisure; досуг
B1; length; длина
B1; level; уровень
B1; lie; ложь
B1; like; нравиться
B1; limit; предел
B1; lip; губа
B1; liquid; жидкость
B1; literature; литература
B1; live; жить
B1; living; жизнь
B1; local; местный
B1; locate; найти
B1; located; расположен
B1; location; расположение
B1; lonely; одинокий
B1; loss; потеря
B1; luxury; роскошь
B1; mad; безумный
B1; magic; магия
B1; mainly; главным образом
B1; mall; торговый центр
B1; management; управление
B1; market; рынок
B1; marketing; маркетинг
B1; marriage; свадьба
B1; meanwhile; тем временем
B1; measure; мера
B1; medium; середина
B1; mental; умственный
B1; mention; упомянуть
B1; mess; беспорядок
B1; mild; мягкий
B1; mine; мой
B1; mix; смешивание
B1; mixture; смесь
B1; mood; настроение
B1; move; двигаться
B1; mud; грязь
B1; murder; убийство
B1; muscle; мышца
B1; musical; мюзикл
B1; mystery; тайна
B1; nail; ноготь
B1; narrative; повествование
B1; nation; нация
B1; native; родной
B1; naturally; естественно
B1; necessarily; обязательно
B1; need; нуждаться
B1; needle; иголка
B1; neighbourhood; район
B1; neither; ни один
B1; net; сеть
B1; next; следующий
B1; nor; ни
B1; normal; нормальный
B1; northern; северный
B1; note; примечание
B1; now; сейчас
B1; nuclear; ядерный
B1; obvious; очевидный
B1; obviously; очевидно
B1; occasion; случай
B1; occur; происходить
B1; odd; странный
B1; official; чиновник
B1; old-fashioned; старомодный
B1; once; один раз
B1; operation; операция
B1; organized; организованный
B1; organizer; организатор
B1; original; оригинальный
B1; originally; изначально
B1; ought; должен
B1; ours; наш
B1; outdoor; открытый
B1; outdoors; на открытом воздухе
B1; pack; пакет
B1; package; упаковка
B1; painful; болезненный
B1; pale; бледный
B1; pan; кастрюля
B1; participate; участвовать
B1; particularly; особенно
B1; pass; проходить
B1; passion; страсть
B1; path; путь
B1; payment; оплата
B1; peaceful; мирный
B1; percentage; процент
B1; perfectly; идеально
B1; performance; производительность
B1; personally; лично
B1; persuade; убеждать
B1; photographer; фотограф
B1; photography; фотография
B1; pin; приколоть
B1; pipe; трубка
B1; place; место
B1; planning; планирование
B1; pleasant; приятный
B1; pleasure; удовольствие
B1; plenty; множество
B1; plot; сюжет
B1; plus; плюс
B1; poem; стихотворение
B1; poet; поэт
B1; poetry; поэзия
B1; point; точка
B1; poison; яд
B1; poisonous; ядовитый
B1; policy; политика
B1; political; политический
B1; politician; политик
B1; politics; политика
B1; port; порт
B1; portrait; портрет
B1; possibly; возможно
B1; pot; горшок
B1; pour; налить
B1; poverty; бедность
B1; powder; пудра
B1; powerful; мощный
B1; practical; практичный
B1; pray; молиться
B1; prayer; молитва
B1; prediction; прогноз
B1; prepared; готовый
B1; presentation; презентация
B1; press; нажимать
B1; pressure; давление
B1; pretend; притворяться
B1; previous; предыдущий
B1; previously; ранее
B1; priest; священник
B1; primary; начальный
B1; prince; принц
B1; princess; принцесса
B1; printing; печать
B1; prisoner; заключенный
B1; private; частный
B1; producer; продюсер
B1; production; производство
B1; profession; профессия
B1; profit; выгода
B1; program; программа
B1; promote; продвигать
B1; proper; правильный
B1; properly; правильно
B1; property; свойство
B1; protest; протест
B1; proud; гордый
B1; prove; доказывать
B1; pull; тянуть
B1; punish; наказывать
B1; punishment; наказание
B1; push; толкать
B1; qualification; квалификация
B1; qualified; квалифицированный
B1; qualify; квалифицироваться
B1; queue; очередь
B1; quit; покидать
B1; quotation; цитата
B1; quote; цитировать
B1; race; раса
B1; racing; гонки
B1; range; диапазон
B1; rare; редкий
B1; rarely; редко
B1; reaction; реакция
B1; reality; реальность
B1; receipt; квитанция
B1; recommendation; рекомендация
B1; reference; ссылка
B1; reflect; отражать
B1; regularly; регулярно
B1; reject; отклонять
B1; relate; иметь отношение к
B1; related; связанный
B1; relation; связь
B1; relative; родственник
B1; relaxed; расслабленный
B1; relaxing; расслабляющий
B1; release; выпускать
B1; reliable; надежный
B1; religion; религия
B1; religious; религиозный
B1; remain; оставаться
B1; remind; напоминать
B1; remote; удаленный
B1; rent; арендовать
B1; repair; ремонт
B1; repeat; повторить
B1; repeated; повторенный
B1; represent; представлять
B1; request; запрос
B1; require; требовать
B1; reservation; бронирование
B1; resource; ресурс
B1; respect; уважать
B1; responsibility; ответственность
B1; responsible; ответственный
B1; result; результат
B1; retire; уходить в отставку
B1; retired; ушедший на пенсию
B1; revise; исправлять
B1; ring; кольцо
B1; rise; рост
B1; risk; риск
B1; robot; робот
B1; roll; рулон
B1; romantic; романтический
B1; rope; веревка
B1; rough; грубый
B1; row; ряд
B1; royal; королевский
B1; rugby; регби
B1; rule; правило
B1; safety; безопасность
B1; sail; плыть
B1; sailor; моряк
B1; sample; образец
B1; sand; песок
B1; scan; сканировать
B1; scientific; научный
B1; script; сценарий
B1; sculpture; скульптура
B1; secondary; вторичный
B1; security; безопасность
B1; seed; семя
B1; sensible; разумный
B1; separate; отдельный
B1; seriously; серьезно
B1; servant; слуга
B1; set; набор
B1; setting; параметр
B1; sex; секс
B1; sexual; сексуальный
B1; shake; трясти
B1; share; делиться
B1; sharp; острый
B1; shelf; полка
B1; shell; оболочка
B1; shift; сдвиг
B1; shine; светить
B1; shiny; блестящий
B1; shoot; стрелять
B1; shy; застенчивый
B1; sight; взгляд
B1; signal; сигнал
B1; silent; тихий
B1; silly; глупый
B1; similarity; сходство
B1; similarly; сходным образом
B1; simply; просто
B1; since; с
B1; sink; раковина
B1; slice; кусочек
B1; slightly; немного
B1; slow; медленный
B1; smart; умный
B1; smooth; гладкий
B1; software; программное обеспечение
B1; soil; земля
B1; solid; твердый
B1; sort; сортировать
B1; southern; южный
B1; specifically; конкретно
B1; spending; расходы
B1; spicy; пряный
B1; spirit; дух
B1; spoken; разговорный
B1; spot; место
B1; spread; распространение
B1; spring; весна
B1; stadium; стадион
B1; staff; персонал
B1; standard; стандартный
B1; state; состояние
B1; statistic; статистика
B1; statue; статуя
B1; stick; палка
B1; still; все еще
B1; store; магазин
B1; stranger; незнакомец
B1; strength; сила
B1; string; нить
B1; strongly; сильно
B1; studio; студия
B1; stuff; вещи
B1; substance; вещество
B1; successfully; успешно
B1; sudden; внезапный
B1; suffer; страдать
B1; suit; подходить
B1; suitable; подходящий
B1; summarize; подвести итог
B1; summary; краткое содержание
B1; supply; поставлять
B1; supporter; сторонник
B1; surely; конечно
B1; surface; поверхность
B1; survive; выживать
B1; swim; плавать
B1; switch; выключатель
B1; symptom; симптом
B1; tail; хвост
B1; talent; талант
B1; talented; талантливый
B1; tape; лента
B1; tax; налог
B1; technical; технический
B1; technique; техника
B1; tend; иметь тенденцию
B1; tent; палатка
B1; that; что
B1; theirs; их
B1; theme; тема
B1; theory; теория
B1; therefore; поэтому
B1; this; этот
B1; though; хотя
B1; throat; горло
B1; throughout; через
B1; tight; тугой
B1; till; до
B1; tin; олово
B1; tiny; крошечный
B1; tip; кончик
B1; toe; палец на ноге
B1; tongue; язык
B1; total; общий
B1; totally; полностью
B1; touch; трогать
B1; tour; тур
B1; trade; торговля
B1; translate; переводить
B1; translation; перевод
B1; transport; транспорт
B1; treat; обращаться
B1; treatment; уход
B1; trend; тенденция
B1; trick; обманывать
B1; truth; правда
B1; tube; трубка
B1; type; тип
B1; typically; обычно
B1; tyre; шина
B1; ugly; уродливый
B1; unable; не могущий
B1; uncomfortable; неудобно
B1; underwear; нижнее белье
B1; unemployed; безработный
B1; unemployment; безработица
B1; unfair; несправедливый
B1; union; союз
B1; unless; пока не
B1; unlike; в отличие от
B1; unlikely; маловероятно
B1; unnecessary; ненужный
B1; unpleasant; неприятный
B1; update; обновлять
B1; upon; на
B1; upset; расстройство
B1; used; использовал
B1; valuable; ценный
B1; value; ценить
B1; various; различный
B1; version; версия
B1; victim; жертва
B1; view; вид
B1; viewer; зритель
B1; violent; жестокий
B1; volunteer; волонтер
B1; vote; голосование
B1; warm; теплый
B1; warn; предупреждать
B1; warning; предупреждение
B1; waste; напрасно тратить
B1; water; вода
B1; wave; волна
B1; weapon; оружие
B1; weigh; взвешивать
B1; western; западный
B1; whatever; что бы ни
B1; whenever; в любое время
B1; whether; ли
B1; while; пока
B1; whole; весь
B1; will; воля
B1; win; победить
B1; wing; крыло
B1; within; в пределах
B1; wonder; удивляться
B1; wool; шерсть
B1; worldwide; по всему миру
B1; worry; волноваться
B1; worse; худший
B1; worst; худший
B1; worth; ценность
B1; written; написано
B1; wrong; неправильный
B1; yard; площадка
B1; young; молодой
B1; youth; молодость
B2; abandon; покидать
B2; absolute; абсолютный
B2; academic; академический
B2; acceptable; приемлемый
B2; accompany; сопровождать
B2; account; счет
B2; accurate; точный
B2; accuse; обвинять
B2; acknowledge; сознавать
B2; acquire; приобретать
B2; actual; действительный
B2; adapt; адаптироваться
B2; additional; дополнительный
B2; address; адрес
B2; administration; администрация
B2; adopt; усыновить
B2; advance; продвигать
B2; affair; роман
B2; afterwards; после
B2; agency; агентство
B2; agenda; повестка дня
B2; aggressive; агрессивный
B2; aid; помогать
B2; aircraft; самолет
B2; alarm; тревога
B2; alter; изменить
B2; amount; количество
B2; anger; злость
B2; angle; угол
B2; anniversary; годовщина
B2; annual; ежегодный
B2; anxious; тревожный
B2; apparent; очевидный
B2; apparently; видимо
B2; appeal; обращаться
B2; approach; подход
B2; appropriate; соответствующий
B2; approval; одобрение
B2; approve; утвердить
B2; arise; возникать
B2; armed; вооруженный
B2; arms; оружие
B2; artificial; искусственный
B2; artistic; художественный
B2; ashamed; стыдящийся
B2; aspect; аспект
B2; assess; оценивать
B2; assessment; оценка
B2; associate; партнер
B2; associated; связанный
B2; association; ассоциация
B2; assume; предполагать
B2; attempt; пытаться
B2; back; назад
B2; bacteria; бактерии
B2; bar; бар
B2; barrier; барьер
B2; basically; по сути
B2; battle; боевой
B2; bear; медведь
B2; beat; бить
B2; beg; просить
B2; being; существование
B2; bent; согнутый
B2; bet; ставка
B2; beyond; вне
B2; bill; счет
B2; bitter; горький
B2; blame; обвинять
B2; blind; слепой
B2; bond; связь
B2; border; граница
B2; breast; грудь
B2; brief; краткий
B2; broad; широкий
B2; broadcast; транслировать
B2; budget; бюджет
B2; bullet; пуля
B2; bunch; связка
B2; burn; гореть
B2; bush; куст
B2; but; но
B2; cable; кабель
B2; calculate; вычислить
B2; cancel; отмена
B2; cancer; рак
B2; capable; способный
B2; capacity; емкость
B2; capture; захватывать
B2; cast; бросать
B2; catch; ловить
B2; cell; клетка
B2; chain; цепь
B2; chair; стул
B2; chairman; председатель
B2; challenge; испытание
B2; characteristic; характеристика
B2; chart; диаграмма
B2; chief; главный
B2; circumstance; обстоятельство
B2; cite; цитировать
B2; citizen; гражданин
B2; civil; гражданский
B2; classic; классический
B2; close; закрывать
B2; closely; внимательно
B2; collapse; крах
B2; combination; комбинация
B2; comfort; комфорт
B2; command; команда
B2; commission; комиссия
B2; commitment; обязательство
B2; committee; комитет
B2; commonly; обычно
B2; complex; сложный
B2; complicated; сложный
B2; component; компонент
B2; concentration; концентрация
B2; concept; концепция
B2; concern; беспокойство
B2; concerned; обеспокоенный
B2; conduct; руководить
B2; confidence; уверенность
B2; conflict; конфликт
B2; confusing; сбивающий с толку
B2; conscious; сознательный
B2; conservative; консервативный
B2; consideration; рассмотрение
B2; consistent; последовательный
B2; constant; постоянный
B2; constantly; постоянно
B2; construct; построить
B2; construction; строительство
B2; contemporary; современный
B2; contest; конкурс
B2; contract; договор
B2; contribute; способствовать
B2; contribution; вклад
B2; convert; конвертировать
B2; convinced; убежденный
B2; core; основной
B2; corporate; корпоративный
B2; council; совет
B2; county; графство
B2; courage; храбрость
B2; crash; крушение
B2; creation; создание
B2; creature; существо
B2; credit; кредит
B2; crew; экипаж
B2; crisis; кризис
B2; criterion; критерий
B2; critic; критик
B2; critical; критический
B2; criticism; критика
B2; criticize; критиковать
B2; crop; обрезать
B2; crucial; ключевой
B2; cry; плакать
B2; cure; излечивать
B2; current; текущий
B2; curve; изгиб
B2; curved; изогнутый
B2; date; дата
B2; debate; дебаты
B2; debt; долг
B2; decent; приличный
B2; declare; объявить
B2; decline; отклонить
B2; decoration; украшение
B2; decrease; снижаться
B2; deeply; глубоко
B2; defeat; поражение
B2; defence; защита
B2; defend; защищать
B2; delay; задерживать
B2; deliberate; преднамеренный
B2; deliberately; умышленно
B2; delight; восторг
B2; delighted; получивший удовольствие
B2; delivery; доставка
B2; demand; требовать
B2; demonstrate; продемонстрировать
B2; deny; отрицать
B2; depressed; депрессивный
B2; depressing; удручающий
B2; depth; глубина
B2; desert; пустыня
B2; deserve; заслуживать
B2; desire; желание
B2; desperate; отчаянный
B2; detail; деталь
B2; detailed; подробный
B2; detect; обнаружить
B2; dig; копать
B2; disc; диск
B2; discipline; дисциплина
B2; discount; скидка
B2; dishonest; нечестный
B2; dismiss; увольнять
B2; display; отображать
B2; distribute; распространять
B2; distribution; распределение
B2; district; округ
B2; divide; разделять
B2; division; разделение
B2; document; документ
B2; domestic; одомашненный
B2; dominate; доминировать
B2; downwards; вниз
B2; dozen; дюжина
B2; draft; черновик
B2; drag; тащить
B2; dramatic; драматический
B2; edit; редактировать
B2; edition; версия
B2; efficient; эффективный
B2; elderly; пожилой
B2; elect; выбирать
B2; elsewhere; в другом месте
B2; emerge; появляться
B2; emotional; эмоциональный
B2; emphasis; акцент
B2; emphasize; подчеркивать
B2; enable; давать возможность
B2; encounter; сталкиваться
B2; engage; привлекать
B2; enhance; усиливать
B2; enquiry; расследование
B2; ensure; гарантировать
B2; enthusiasm; энтузиазм
B2; enthusiastic; восторженный
B2; entire; весь
B2; entirely; полностью
B2; equal; равный
B2; establish; учреждать
B2; estate; имущество
B2; estimate; оценивать
B2; ethical; этический
B2; evaluate; оценивать
B2; even; даже
B2; evil; зло
B2; examination; обследование
B2; excuse; извинение
B2; executive; исполнительный
B2; existence; существование
B2; expectation; ожидание
B2; expense; расходы
B2; exploration; разведка
B2; expose; разоблачать
B2; extend; продлевать
B2; extent; степень
B2; external; внешний
B2; extraordinary; необыкновенный
B2; extreme; крайний
B2; facility; средство
B2; failure; отказ
B2; faith; вера
B2; fault; вина
B2; favour; услуга
B2; feather; перо
B2; fee; платеж
B2; feed; кормить
B2; feedback; обратная связь
B2; feel; чувствовать
B2; fellow; парень
B2; figure; фигура
B2; file; файл
B2; finance; финансы
B2; finding; нахождение
B2; firm; твердый
B2; fix; исправить
B2; flame; пламя
B2; flash; вспышка
B2; flexible; гибкий
B2; float; плавать
B2; fold; складывать
B2; folding; складной
B2; following; следующий
B2; forgive; простить
B2; former; бывший
B2; fortune; удача
B2; forward; вперед
B2; found; найденный
B2; free; бесплатно
B2; freedom; свобода
B2; frequency; частота
B2; fuel; топливо
B2; fully; полностью
B2; function; функция
B2; fund; фонд
B2; fundamental; фундаментальный
B2; funding; финансирование
B2; furthermore; более того
B2; gain; прирост
B2; gang; банда
B2; generate; генерировать
B2; genre; жанр
B2; govern; управлять
B2; grab; схватить
B2; grade; оценка
B2; gradually; постепенно
B2; grand; грандиозный
B2; grant; предоставить
B2; guarantee; гарантия
B2; handle; ручка
B2; harm; вред
B2; harmful; вредный
B2; hearing; слушание
B2; heaven; небеса
B2; heel; каблук
B2; hell; ад
B2; hesitate; сомневаться
B2; high; высокий
B2; hire; нанимать
B2; hold; держать
B2; hollow; пустой
B2; holy; святой
B2; honour; честь
B2; host; хозяин
B2; house; дом
B2; household; семья
B2; housing; жилье
B2; humorous; юмористический
B2; humour; юмор
B2; hunt; охотиться
B2; hunting; охота
B2; hurt; повредить
B2; ideal; идеальный
B2; illustrate; иллюстрировать
B2; illustration; иллюстрация
B2; imagination; воображение
B2; impatient; нетерпеливый
B2; imply; подразумевать
B2; impose; навязывать
B2; impress; произвести впечатление
B2; impressed; впечатленный
B2; inch; дюйм
B2; incident; инцидент
B2; income; доход
B2; increasingly; все больше
B2; industrial; промышленный
B2; infection; инфекция
B2; inform; информировать
B2; initial; исходный
B2; initially; изначально
B2; initiative; инициатива
B2; inner; внутренний
B2; insight; понимание
B2; insist; настаивать
B2; inspire; вдохновлять
B2; install; установить
B2; instance; пример
B2; institute; институт
B2; institution; учреждение
B2; insurance; страхование
B2; intended; намеревался
B2; intense; интенсивный
B2; internal; внутренний
B2; interpret; интерпретировать
B2; interrupt; прерывать
B2; investigation; расследование
B2; investment; инвестиции
B2; issue; проблема
B2; joy; радость
B2; judgement; суждение
B2; junior; младший
B2; justice; справедливость
B2; justify; оправдывать
B2; labour; труд
B2; landscape; пейзаж
B2; largely; в основном
B2; latest; последний
B2; launch; запуск
B2; leadership; лидерство
B2; league; лига
B2; lean; наклонять
B2; leave; оставлять
B2; level; уровень
B2; licence; лицензия
B2; limited; ограниченный
B2; line; линия
B2; lively; живой
B2; load; нагрузка
B2; loan; заем
B2; logical; логичный
B2; long-term; долгосрочный
B2; loose; свободный
B2; lord; господин
B2; low; низкий
B2; lower; ниже
B2; lung; легкое
B2; maintain; поддерживать
B2; majority; большинство
B2; make; делать
B2; map; карта
B2; mass; масса
B2; massive; массивный
B2; master; владелец
B2; matching; соответствие
B2; material; материал
B2; maximum; максимум
B2; means; означает
B2; measurement; измерение
B2; medium; середина
B2; melt; таять
B2; military; военный
B2; mineral; минерал
B2; minimum; минимум
B2; minister; министр
B2; minor; незначительный
B2; minority; меньшинство
B2; mission; миссия
B2; mistake; ошибка
B2; mixed; смешанный
B2; model; модель
B2; modify; изменить
B2; monitor; монитор
B2; moral; моральный
B2; motor; мотор
B2; mount; устанавливать
B2; multiple; несколько
B2; multiply; умножать
B2; mysterious; загадочный
B2; narrow; узкий
B2; national; национальный
B2; neat; аккуратный
B2; negative; отрицательный
B2; nerve; нерв
B2; nevertheless; тем не менее
B2; nightmare; кошмар
B2; notion; понятие
B2; numerous; многочисленные
B2; obey; подчиняться
B2; object; объект
B2; objective; цель
B2; obligation; обязательство
B2; observation; наблюдение
B2; observe; наблюдать
B2; obtain; получать
B2; occasionally; изредка
B2; offence; преступление
B2; offend; обидеть
B2; offensive; оскорбительный
B2; official; чиновник
B2; opening; открытие
B2; operate; действовать
B2; opponent; противник
B2; oppose; выступать против
B2; opposed; против
B2; opposition; оппозиция
B2; organ; орган
B2; origin; источник
B2; otherwise; в противном случае
B2; outcome; исход
B2; outer; внешний
B2; outline; контур
B2; overall; общий
B2; owe; быть должным
B2; pace; шаг
B2; package; упаковка
B2; panel; панель
B2; parliament; парламент
B2; participant; участник
B2; partly; частично
B2; passage; проход
B2; patient; пациент
B2; pension; пенсия
B2; permanent; постоянный
B2; permit; разрешать
B2; perspective; перспектива
B2; phase; фаза
B2; phenomenon; явление
B2; philosophy; философия
B2; pick; выбирать
B2; picture; картина
B2; pile; куча
B2; pitch; подача
B2; plain; простой
B2; plot; сюжет
B2; plus; плюс
B2; pointed; заостренный
B2; popularity; популярность
B2; pose; поза
B2; position; позиция
B2; positive; позитивный
B2; possess; владеть
B2; potential; потенциал
B2; power; власть
B2; praise; хвалить
B2; pregnant; беременная
B2; preparation; подготовка
B2; presence; присутствие
B2; preserve; сохранять
B2; price; цена
B2; prime; основной
B2; principle; принцип
B2; print; распечатать
B2; priority; приоритет
B2; privacy; конфиденциальность
B2; procedure; процедура
B2; process; процесс
B2; produce; производить
B2; professional; профессиональный
B2; progress; прогресс
B2; project; проект
B2; proof; доказательство
B2; proposal; предложение
B2; propose; предлагать
B2; prospect; перспектива
B2; protection; защита
B2; psychologist; психолог
B2; psychology; психология
B2; publication; публикация
B2; pupil; ученик
B2; purchase; покупка
B2; pure; чистый
B2; pursue; преследовать
B2; range; диапазон
B2; rank; классифицировать
B2; rapid; стремительный
B2; rapidly; быстро
B2; rate; ставка
B2; raw; сырой
B2; reach; достигать
B2; realistic; реалистичный
B2; reasonable; разумный
B2; recall; отзывать
B2; recover; восстанавливаться
B2; reduction; снижение
B2; regard; внимание
B2; regional; региональный
B2; register; зарегистрироваться
B2; regret; сожалеть
B2; regulation; регулирование
B2; relatively; относительно
B2; relevant; соответствующий
B2; relief; облегчение
B2; rely; полагаться
B2; remark; замечание
B2; representative; представитель
B2; reputation; репутация
B2; requirement; требование
B2; rescue; спасать
B2; reserve; бронировать
B2; resident; резидент
B2; resist; сопротивляться
B2; resolve; решать
B2; resort; прибегнуть
B2; retain; удерживать
B2; reveal; раскрывать
B2; revolution; революция
B2; reward; награда
B2; rhythm; ритм
B2; rid; избавлять
B2; root; корень
B2; round; круглый
B2; routine; рутина
B2; rub; тереть
B2; rubber; резина
B2; rural; деревенский
B2; rush; торопиться
B2; sample; образец
B2; satellite; спутник
B2; satisfied; удовлетворен
B2; satisfy; удовлетворить
B2; saving; экономия
B2; scale; шкала
B2; schedule; расписание
B2; scheme; схема
B2; scream; крик
B2; screen; экран
B2; seat; сиденье
B2; sector; сектор
B2; secure; безопасный
B2; seek; искать
B2; select; выбирать
B2; selection; выбор
B2; self; себя
B2; senior; старший
B2; sense; смысл
B2; sensitive; чувствительный
B2; sentence; предложение
B2; sequence; последовательность
B2; session; сессия
B2; settle; решить
B2; severe; серьезный
B2; shade; оттенок
B2; shadow; тень
B2; shallow; мелкий
B2; shame; стыд
B2; shape; форма
B2; shelter; приют
B2; shift; сдвиг
B2; ship; корабль
B2; shock; шок
B2; shocked; шокирован
B2; shooting; стрельба
B2; shot; выстрелил
B2; significant; значительный
B2; significantly; существенно
B2; silence; тишина
B2; silk; шелк
B2; sincere; искренний
B2; slave; раб
B2; slide; слайд
B2; slight; легкий
B2; slip; соскальзывать
B2; slope; склон
B2; solar; солнечный
B2; somewhat; несколько
B2; soul; душа
B2; specialist; специалист
B2; species; разновидность
B2; speed; скорость
B2; spiritual; духовный
B2; split; расколоть
B2; sponsor; спонсор
B2; spot; место
B2; spread; распространение
B2; stable; стабильный
B2; stage; этап
B2; stand; стоять
B2; stare; смотреть
B2; status; статус
B2; steady; устойчивый
B2; steel; сталь
B2; steep; отвесный
B2; step; шаг
B2; sticky; липкий
B2; stiff; жесткий
B2; stock; запас
B2; stream; транслировать
B2; stretch; потягиваться
B2; strict; строгий
B2; strike; ударять
B2; structure; структура
B2; struggle; борьба
B2; stuff; вещи
B2; subject; предмет
B2; submit; представлять на рассмотрение
B2; sum; сумма
B2; surgery; операция
B2; surround; окружать
B2; surrounding; окружающий
B2; survey; опрос
B2; suspect; подозревать
B2; swear; ругаться
B2; sweep; мести
B2; switch; выключатель
B2; sympathy; симпатия
B2; tale; сказка
B2; tank; танк
B2; target; цель
B2; tear; рвать
B2; temporary; временный
B2; term; срок
B2; therapy; терапия
B2; threat; угроза
B2; threaten; угрожать
B2; thus; таким образом
B2; time; время
B2; title; заголовок
B2; tone; тон
B2; tough; жесткий
B2; track; отслеживать
B2; transfer; передача
B2; transform; трансформировать
B2; transition; переход
B2; trial; пробный
B2; trip; путешествие
B2; tropical; тропический
B2; trouble; беда
B2; truly; действительно
B2; trust; доверять
B2; try; пытаться
B2; tune; настраивать
B2; tunnel; туннель
B2; ultimately; в конечном счете
B2; unconscious; бессознательный
B2; unexpected; непредвиденный
B2; unique; уникальный
B2; universe; вселенная
B2; unknown; неизвестный
B2; upper; верхний
B2; upwards; вверх
B2; urban; городской
B2; urge; побуждать
B2; value; ценить
B2; vary; отличаться
B2; vast; огромный
B2; venue; место проведения
B2; very; очень
B2; via; с помощью
B2; victory; победа
B2; violence; насилие
B2; virtual; виртуальный
B2; vision; зрение
B2; visual; визуальный
B2; vital; жизненно важный
B2; vitamin; витамин
B2; volume; объем
B2; wage; заработная плата
B2; way; способ
B2; weakness; слабость
B2; wealth; богатство
B2; wealthy; богатый
B2; whereas; тогда как
B2; wherever; где угодно
B2; whisper; шепот
B2; whom; кому
B2; widely; широко
B2; wildlife; дикая природа
B2; willing; готовый
B2; wind; ветер
B2; wire; проволока
B2; wise; мудрый
B2; witness; свидетель
B2; worse; худший
B2; worst; худший
B2; worth; ценность
B2; wound; ранить
B2; wrap; сворачивать
B2; wrong; неправильный
B2; yet; еще
B2; zone; зона