thomas,Томас,883
knight,рыцарь,195
delphine,дельфин,169
sword,меч,145
cart,тележка,131
those,те,105
didn,не сделал,101
these,эти,96
matthieu,Матье,95
pope,Папа Римский,92
felt,чувствовал себя,87
devil,дьявол,86
toward,к,84
robert,Роберт,80
feet,ноги,78
comte,граф,77
armor,броня,73
fell,упал,72
things,вещи,60
plague,чума,59
spear,копье,58
cardinal,кардинал,57
avignon,Авиньон,55
legs,ноги,53
mule,мул,53
others,другие,51
seigneur,сеньор,51
teeth,зубы,50
angels,ангелы,47
grind,молоть,47
whore,шлюха,46
christ,Христос,46
squire,оруженосец,46
saint,святой,44
closer,ближе,44
angel,ангел,43
english,английский,41
jacquot,Жако,40
women,женщины,39
french,французский,39
beneath,под,38
barn,сарай,38
ones,те,38
paris,Париж,38
wasn,разве,38
days,дни,36
cheek,щека,36
yell,кричать,36
raft,плот,36
godefroy,Годфруа,35
guillaume,Гийом,34
wicked,злой,32
couldn,мог бы,32
candle,свеча,32
obald,облысший,31
shit,дерьмо,30
wouldn,бы,30
years,годы,29
crown,корона,29
fuck,ебать,29
feast,праздник,29
spin,вращаться,29
herald,вестник,29
belly,живот,28
sweat,пот,28
darkness,темнота,28
courtyard,двор,28
jehan,Жеан,28
auxerre,Осер,28
clement,милосердие,28
children,дети,27
swing,качать,27
stink,вонять,27
latin,латинский,27
vreux,вре,27
younger,моложе,27
papa,папа,26
scar,шрам,26
doesn,не делает,26
arrow,стрелка,26
leap,прыгнуть,25
beard,борода,25
gray,серый,25
color,цвет,25
older,старше,25
annette,Аннет,24
straw,солома,23
knees,колени,23
sack,мешок,23
clothe,одевать,23
sting,жало,23
oarsman,гребец,23
gaze,взгляд,22
hanicotte,Ханикотт,22
arrows,стрелки,21
chin,подбородок,21
virgin,девственник,21
witch,ведьма,21
damn,проклятие,21
givras,живрас,21
jerk,придурок,21
neighbor,сосед,20
piss,ссать,20
normandy,Нормандия,20
woods,леса,20
wipe,вытирать,20
bleed,истекать кровью,20
stain,пятно,20
picardy,Пикардия,20
fling,бросать,20
honor,честь,20
slap,шлепок,20
woodcarver,резчик по дереву,20
stag,олень,20
glance,взглянуть мельком,19
girls,девушки,19
gently,нежно,19
yank,дернуть,19
harder,Сильнее,19
ruin,разорение,19
lips,губы,19
stew,тушить,19
norman,Норман,18
gesture,жест,18
handsome,красивый,18
bark,лаять,18
barrel,бочка,18
gasp,задыхаться,18
whip,хлыст,18
arch,арка,18
shudder,содрогаться,18
monk,монах,18
rutger,Рутгер,18
bloody,кровавый,17
hammer,молоток,17
france,Франция,17
grunt,ворчать,17
grin,ухмылка,17
fetch,принести,17
blanket,одеяло,17
martin,Мартин,17
holiness,святость,17
grip,схватить,17
cage,клетка,17
streets,улицы,17
rusty,ржавый,16
flee,бежать,16
anymore,больше,16
horn,рог,16
windows,окна,16
clutch,схватить,16
months,месяцы,16
bore,бурить,16
helmet,шлем,16
thumb,большой палец,16
rein,повод,16
friar,монах,16
gown,платье,15
haven,убежище,15
barely,едва,15
bolt,болт,15
friends,друзья,15
cough,кашель,15
hours,часы,15
swell,зыбь,15
farther,дальше,15
goblet,кубок,15
bang,хлопнуть,15
golden,золотой,15
blade,лезвие,15
limp,хромать,15
betray,предавать,14
donkey,осел,14
crawl,ползти,14
grave,могила,14
hood,капюшон,14
swallow,глотать,14
boar,кабан,14
bind,связывать,14
christian,христианин,14
curl,завиток,14
blink,моргать,14
shaft,вал,14
spar,лонжерон,14
lance,копье,14
stories,истории,14
glow,светиться,14
lucifer,Люцифер,13
lick,лизать,13
longer,дольше,13
weren,не было,13
honey,мед,13
punch,ударить кулаком,13
motion,движение,13
limbs,конечности,13
hips,бедра,13
faster,Быстрее,13
lash,плетка,13
bugger,педераст,13
bare,голый,13
blond,блондинка,13
backward,назад,13
beast,зверь,13
roar,рев,13
mace,булава,13
shiver,дрожать,13
shutter,затвор,13
penitents,кающиеся,13
cardinals,кардиналы,13
penguin,пингвин,13
greater,больший,12
souls,души,12
michael,Майкл,12
rotten,сгнивший,12
farmers,фермеры,12
choke,душить,12
foul,грязный,12
beside,рядом,12
spat,плюнул,12
smaller,меньше,12
stall,ларек,12
deer,олень,12
sour,кислый,12
muddy,мутный,12
brow,бровь,12
merchant,торговец,12
surcoat,сюрко,12
sneeze,чихать,12
thoughts,мысли,12
chanson,шансон,12
aside,в сторону,12
hearth,очаг,12
saddle,седло,12
stairs,лестница,12
seller,продавец,12
larger,больше,11
adam,Адам,11
insult,оскорблять,11
beam,луч,11
brigands,разбойники,11
thieve,вор,11
shield,щит,11
growl,рычать,11
jesus,Иисус,11
hadn,имел,11
goddamned,проклятый,11
comb,гребень,11
goddamn,черт возьми,11
helm,шлем,11
dwarf,карлик,11
whimper,хныканье,11
brothers,братья,11
peek,заглянуть,11
naked,голый,11
monster,монстр,11
awake,бодрствующий,11
crouch,приседать,11
cock,петух,11
stumble,спотыкаться,11
nude,обнаженная,11
haired,волосатый,11
bishop,епископ,11
stir,помешивать,11
tourney,турнир,11
chamber,камера,11
strip,полоска,11
chapel,часовня,11
wink,подмигивание,11
pant,брюки,11
archers,лучники,11
yards,ярды,11
somehow,как-то,11
bull,бык,11
tien,Тянь,11
sergent,сержант,11
bench,лавка,11
jerusalem,Иерусалим,11
ladder,лестница,11
italian,итальянский,11
christopher,Кристофер,10
buehlman,Бюльман,10
sake,ради,10
hunger,голод,10
ears,уши,10
shore,берег,10
scythe,коса,10
sickness,болезнь,10
poke,тыкать,10
aren,арен,10
haul,вытаскивать,10
nearby,рядом,10
skull,череп,10
tire,шина,10
tempt,искушать,10
fist,кулак,10
corpse,труп,10
towns,города,10
sheathe,обшить,10
drip,капать,10
goat,козел,10
quarrel,ссориться,10
hare,заяц,10
kneel,встать на колени,10
corpses,трупы,10
abbey,аббатство,10
weep,плакать,10
widow,вдова,10
rust,ржавчина,10
amuse,развлекать,10
beaune,Бон,10
drown,тонуть,10
sway,качаться,10
bastard,сволочь,10
hook,крюк,10
rear,задний,10
shove,засунуть,10
fever,высокая температура,10
palm,ладонь,10
viol,виолончель,10
sire,сир,10
armorer,оружейник,10
flesh,плоть,10
duck,утка,10
navarre,Наварра,10
convent,монастырь,10
michel,Мишель,10
provence,Прованс,10
marguerite,Маргарита,10
withdraw,отзывать,9
clasp,застежка,9
spanish,испанский,9
strangers,незнакомцы,9
stack,куча,9
monks,монахи,9
ridiculous,нелепый,9
ripple,пульсация,9
humor,юмор,9
goodness,доброта,9
boys,мальчики,9
jews,евреи,9
starve,голодать,9
calf,теленок,9
crow,ворона,9
priests,священники,9
pestilence,чума,9
snore,храпеть,9
mask,маска,9
prayers,молитвы,9
bucket,ведро,9
preux,преукс,9
hiss,шипение,9
slither,скользить,9
stronger,сильнее,9
doors,двери,9
peer,вглядеться,9
vomit,рвота,9
dare,осмелиться,9
stab,нанести удар,9
twist,крутить,9
wrestle,бороться,9
twitch,дергаться,9
stroke,гладить,9
embrace,объятие,9
rochelle,Рошель,9
rattle,греметь,9
ease,простота,9
robe,халат,9
magnificent,великолепный,9
german,немецкий,9
instant,мгновенный,9
pear,груша,9
chuckle,смеяться,9
guests,гости,9
crusade,крестовый поход,9
emma,Эмма,9
rinaldo,Ринальдо,9
vineyards,виноградники,9
pontiff,понтифик,9
villeneuve,Вильнёв,9
tristan,Тристан,9
newly,недавно,8
gabriel,Габриэль,8
shouldn,должен,8
peasant,крестьянин,8
atop,на вершине,8
whistle,свист,8
higher,выше,8
earthly,земной,8
verge,грань,8
crossbow,арбалет,8
delicate,нежный,8
louder,громче,8
lavender,лаванда,8
moan,стон,8
stem,корень,8
harvest,урожай,8
heap,куча,8
groin,пах,8
brigand,разбойник,8
visible,видимый,8
horrid,ужасный,8
alehouse,пивная,8
startle,испугать,8
oath,клятва,8
spice,специя,8
billhook,крючок,8
ways,пути,8
thrash,бить,8
knives,ножи,8
gouge,выдолбить,8
underwater,под водой,8
nearer,ближе,8
summon,вызывать,8
numb,онемевший,8
lungs,легкие,8
tumble,падать,8
apron,фартук,8
stun,оглушить,8
sigh,вздох,8
shin,голень,8
perch,окунь,8
england,Англия,8
spur,стимулировать,8
toss,бросать,8
farmhouse,фермерский дом,8
warmth,тепло,8
cathedral,собор,8
buildings,здания,8
illuminate,освещать,8
sheath,оболочка,8
workshop,мастерская,8
andr,Андре,8
arpentel,арпентель,8
gloves,перчатки,8
lute,лютня,8
bert,Берт,8
brotherhood,братство,8
tentacles,щупальца,8
vines,лозы,8
cyriac,кириак,8
tinel,тинель,8
chauliac,шолиак,8
hail,град,7
darker,темнее,7
mighty,могучий,7
blacken,очернить,7
weeks,недели,7
damp,влажный,7
carve,вырезать,7
spit,плевать,7
droop,свисать,7
coarse,грубый,7
minutes,минуты,7
hoist,подъемник,7
mary,Мэри,7
shovel,лопата,7
comet,комета,7
ivory,слоновая кость,7
supper,ужин,7
animals,животные,7
besides,кроме,7
mock,насмехаться,7
toll,потери,7
breeze,ветер,7
unsheathe,обнажить,7
bless,благословить,7
sleeve,рукав,7
merchants,торговцы,7
betrayal,предательство,7
cunting,пизда,7
chase,гнаться,7
silently,молча,7
furrow,борозда,7
forehead,лоб,7
statues,статуи,7
lantern,фонарь,7
pinch,ущипнуть,7
eels,угри,7
coil,катушка,7
denis,Денис,7
eyebrows,брови,7
cunt,пизда,7
steward,стюард,7
abomination,мерзость,7
stomp,топать,7
whisker,бакенбарды,7
trail,тащить,7
madly,безумно,7
hooves,копыта,7
dull,тупой,7
scratch,царапать,7
faithful,верный,7
dawn,рассвет,7
suck,сосать,7
hauberk,кольчуга,7
lurch,крениться,7
flutter,порхать,7
anges,анги,7
elbow,локоть,7
echo,эхо,7
brick,кирпич,7
arab,араб,7
simon,Саймон,7
barentin,барентин,7
pommel,навершие,7
shrug,пожать плечами,7
roast,жарить,7
kings,короли,7
steam,пар,7
steer,управлять,7
scent,запах,7
beasts,звери,7
infant,младенец,7
flock,стадо,7
butcher,мясник,7
thorns,шипы,7
bewilder,сбивать с толку,7
companion,компаньон,7
hint,намекать,7
valois,Валуа,7
tile,плитка,7
surgeon,хирург,7
mont,Монт,7
carpenter,плотник,7
relic,реликвия,7
dangle,мотаться,7
seal,тюлень,7
scepter,скипетр,7
fours,четверки,7
plank,доска,7
wive,жена,7
ignorant,невежественный,7
painfully,болезненно,7
wrinkle,морщинка,7
stump,пень,7
limb,конечность,7
peter,Питер,7
grapes,виноград,7
eminence,возвышение,7
aaqskzjrgabaqeasabiaad,aaqskzjrgabaqeasabiaad,7
wbdaaggbgcgbqghbwcjcqgkdbqndasldbksew,wbdaaggbgcgbqghbwcjcqgkdbqndasldbksew,7
uhrof,Уроф,7
ahbwgjc,ahbwgjc,7
nicisixwckdcpldaxndq,nicisixwckdcpldaxndq,7
ptgypc,птгипк,7
zndl,ЗНДЛ,7
gaiaqeaat,Гайакаат,7
splash,всплеск,6
wheat,пшеница,6
barley,ячмень,6
swarm,рой,6
pewter,олово,6
chew,жевать,6
rape,изнасилование,6
nuns,монахини,6
thighs,бедра,6
clench,сжимать,6
polish,полировать,6
horribly,ужасно,6
luminous,светящийся,6
tangle,запутывать,6
rabbit,кролик,6
tilt,наклон,6
snap,щелчок,6
fistful,горсть,6
wrist,запястье,6
creep,слизняк,6
affection,привязанность,6
brawl,драка,6
armpit,подмышка,6
cities,города,6
lunge,выпад,6
faint,слабый,6
wildflowers,полевые цветы,6
panic,паника,6
confession,признание,6
sunlight,солнечный свет,6
notch,выемка,6
scourge,бич,6
cord,шнур,6
oily,маслянистый,6
tournament,турнир,6
pole,столб,6
chop,нарезать,6
forth,вперед,6
squeal,визжать,6
scrap,металлолом,6
nauseate,тошнить,6
thirst,жажда,6
worthy,достойный,6
exhale,выдохнуть,6
miles,миль,6
heal,лечить,6
blanche,Бланш,6
peasants,крестьяне,6
weapons,оружие,6
weave,ткать,6
slurp,хлебать,6
glory,слава,6
frenchman,француз,6
hurdy,шарманный,6
gurdy,лира,6
patch,пластырь,6
cedar,кедр,6
throne,трон,6
garlic,чеснок,6
torch,факел,6
flicker,мерцать,6
troop,отряд,6
doorway,дверной проем,6
spill,разливать,6
whinny,ржал,6
blaze,полыхать,6
pont,мост,6
disturb,беспокоить,6
pouch,мешочек,6
stoop,сутулиться,6
tread,ступать,6
tightly,плотно,6
banner,баннер,6
hunch,догадка,6
gascon,гасконец,6
pork,свинина,6
hilt,рукоять,6
spearhead,острие,6
pierre,Пьер,6
upside,перевернутый,6
reeve,Рив,6
sadness,грусть,6
dice,кости,6
daylight,дневной свет,6
exhaust,выхлоп,6
nemours,немуры,6
drift,дрейфовать,6
richard,Ричард,6
etienne,Этьен,6
vault,сейф,6
oarsmen,гребцы,6
favor,услуга,6
squeeze,сжимать,6
trace,след,6
routiers,маршрутчики,6
breastplate,нагрудник,6
isnard,Иснар,6
luquin,Лукин,6
murderous,убийственный,5
wrath,гнев,5
loyal,лояльный,5
greatest,величайший,5
seize,захватывать,5
favorite,любимый,5
spoil,портиться,5
weed,сорняк,5
limestone,известняк,5
greasy,жирный,5
parsnip,пастернак,5
linger,задерживаться,5
manor,поместье,5
roads,дороги,5
wander,бродить,5
tremble,дрожать,5
woolen,шерстяной,5
twinkle,мерцать,5
dump,свалка,5
squint,щуриться,5
grasp,понять,5
dart,дротик,5
francis,Фрэнсис,5
sputter,распылять,5
franciscan,францисканец,5
punctuate,расставить акценты,5
altar,алтарь,5
swan,лебедь,5
travelers,путешественники,5
crack,трескаться,5
giggle,хихикать,5
lump,кусок,5
viciously,злобно,5
reddish,красноватый,5
juniper,можжевельник,5
muck,грязь,5
cleave,раскалывать,5
masculine,мужской род,5
slop,помои,5
pardon,прощение,5
spatter,брызги,5
overlook,игнорировать,5
despair,отчаяние,5
revenge,месть,5
gambeson,гамбезон,5
thigh,бедро,5
deepest,самый глубокий,5
prop,опора,5
quillons,квиллоны,5
stout,толстый,5
alike,одинаково,5
disappoint,разочаровывать,5
litter,мусор,5
seneschal,сенешаль,5
skinny,тощий,5
latch,защелка,5
softly,мягко,5
nest,гнездо,5
submerge,погружаться,5
clamber,карабкаться,5
flick,щелкнуть,5
thunder,гром,5
pierce,пронзить,5
knuckle,сустав,5
hose,шланг,5
rites,обряды,5
grit,стойкость,5
sebastian,Себастьян,5
miracles,чудеса,5
christians,христиане,5
orchard,фруктовый сад,5
grace,милость,5
chill,холод,5
granite,гранит,5
midday,полдень,5
pilgrimage,паломничество,5
bastards,ублюдки,5
hearts,сердца,5
awkwardly,неловко,5
workers,рабочие,5
miracle,чудо,5
twig,ветка,5
provoke,провоцировать,5
trunk,ствол,5
distant,далекий,5
plump,пухлый,5
musicians,музыканты,5
ginger,имбирь,5
sinful,греховный,5
accent,акцент,5
meum,меум,5
mildly,мягко говоря,5
closest,ближайший,5
awaken,пробудиться,5
exquisite,изысканный,5
filth,грязь,5
slur,оскорбление,5
gutter,желоб,5
shriek,визжать,5
reel,катушка,5
crab,краб,5
sideways,вбок,5
pause,пауза,5
daughters,дочери,5
fellows,ребята,5
occupy,занимать,5
clop,цокать,5
freely,свободно,5
guilt,вина,5
kindness,доброта,5
excommunicate,отлучать от церкви,5
curious,любопытный,5
blasphemy,богохульство,5
sodomite,содомит,5
halfway,наполовину,5
butt,задница,5
directions,направления,5
groan,стон,5
stitch,стежка,5
fetard,неприятный запах,5
spaniard,испанец,5
rumble,гул,5
sellers,продавцы,5
bounce,подпрыгивать,5
clay,глина,5
roman,римский,5
agitate,волновать,5
shed,сбрасывать,5
flute,флейта,5
shuffle,перетасовать,5
smolder,тлеть,5
alley,переулок,5
knot,узел,5
clip,клип,5
cornemuse,Cornemuse,5
deceive,обманывать,5
rivers,реки,5
sons,сыновья,5
villagers,жители деревни,5
bertier,Бертье,5
moonlight,лунный свет,5
handful,горстка,5
loft,чердак,5
horizon,горизонт,5
crush,раздавить,5
center,центр,5
turnips,репа,5
lazarus,Лазарь,5
iesu,иесу,5
burgundy,Бургундия,5
auxerrois,Осерруа,5
forgiveness,прощение,5
yvette,Иветт,5
acolytes,помощники,5
dash,бросаться,5
mountains,горы,5
cabin,каюта,5
loyalty,верность,5
vineyard,виноградник,5
broom,метла,5
jibreel,Джибрил,5
parchment,пергамент,5
ronne,Ронне,5
cubicular,кубический,5
servants,слуги,5
braziers,жаровни,5
sorgues,сорг,5
sournois,сурнуа,5
fresco,фреска,5
hifg,хифг,5
orphan,сирота,4
innocence,невиновность,4
nobility,дворянство,4
kingdoms,королевства,4
wither,увядать,4
pride,гордость,4
kingdom,королевство,4
fists,кулаки,4
rouse,будить,4
worm,червь,4
acorns,желуди,4
bitch,сука,4
swiftly,быстро,4
crucify,распять,4
bellow,рев,4
trap,ловушка,4
bloat,раздуваться,4
cooler,круче,4
judgment,суждение,4
chaos,хаос,4
facedown,лицом вниз,4
sleepy,сонный,4
killer,убийца,4
squash,давить,4
sever,разъединить,4
smash,разгромить,4
greek,греческий,4
unto,к,4
wedge,клин,4
aquinas,Аквинский,4
tits,сиськи,4
sooner,раньше,4
ambush,засада,4
earshot,слышимость,4
hoarse,хриплый,4
thatch,соломенная крыша,4
pater,отец,4
noster,ностер,4
pluck,срывать,4
churchyard,погост,4
monastery,монастырь,4
deflect,отклонять,4
forage,корм,4
burst,лопаться,4
urgently,срочно,4
cistercian,цистерцианец,4
killers,убийцы,4
spare,запасной,4
linen,шерсть,4
oaths,клятвы,4
crosier,посох,4
agonize,мучиться,4
modest,скромный,4
buckle,пряжка,4
cleric,священнослужитель,4
retinue,свита,4
mill,мельница,4
fellowship,общение,4
pallet,поддон,4
cask,бочка,4
fond,любящий,4
wafer,вафля,4
belch,отрыжка,4
ankles,лодыжки,4
latter,последний,4
saffron,шафран,4
smear,мазать,4
hedge,изгородь,4
prick,уколоть,4
visitation,посещение,4
pilings,сваи,4
openmouthed,с открытым ртом,4
quiver,колчан,4
snuff,нюхательный табак,4
hurl,швырять,4
tiltyard,верфь,4
wrench,гаечный ключ,4
readied,готово,4
hack,взломать,4
recoil,откат,4
slash,косая черта,4
temples,храмы,4
misery,невзгоды,4
unclean,нечистый,4
labor,труд,4
dizzy,испытывающий головокружение,4
mutter,бормотать,4
shrine,святыня,4
stockings,чулки,4
surge,всплеск,4
scatter,разбрасывать,4
inhale,вдыхать,4
corrupt,коррумпированный,4
barefoot,босиком,4
pitcher,кувшин,4
parishioners,прихожане,4
reluctantly,неохотно,4
treasure,сокровище,4
brass,латунь,4
plume,шлейф,4
livery,ливрея,4
merry,веселый,4
forbid,запретить,4
wary,осторожный,4
earlier,ранее,4
tapestries,гобелены,4
jest,шутка,4
exotic,экзотика,4
peacock,павлин,4
scoot,убегать,4
heartbeat,сердцебиение,4
erupt,извергаться,4
backhand,удар слева,4
puddle,лужа,4
hush,тише,4
hastily,поспешно,4
perfume,духи,4
miserably,несчастно,4
mistress,любовница,4
watery,водянистый,4
fabric,ткань,4
deadly,смертоносный,4
scamper,бегать,4
trot,рысь,4
topple,опрокидывать,4
coward,трус,4
writhe,корчиться,4
taller,выше,4
crumble,рушиться,4
darken,затемнить,4
baal,баал,4
zebuth,зебут,4
torture,пытка,4
christmas,Рождество,4
covet,жаждать,4
likewise,так же,4
lodgings,жилье,4
paths,пути,4
stale,несвежий,4
await,ждать,4
debris,обломки,4
lamb,ягненок,4
deniers,отрицатели,4
mold,форма,4
cleaver,тесак,4
useless,бесполезный,4
ribbon,лента,4
robin,Робин,4
oblige,обязывать,4
wince,вздрагивать,4
youthful,молодой,4
squat,приседать,4
heresy,ересь,4
displeasure,недовольство,4
redden,краснеть,4
confound,сбивать с толку,4
phillip,Филипп,4
nostrils,ноздри,4
couch,диван,4
fletching,оперение,4
terrify,пугать,4
englishman,англичанин,4
legged,Ногая,4
palfrey,Палфри,4
canter,галоп,4
amiens,Амьен,4
spectacle,зрелище,4
dive,нырять,4
bricks,кирпичи,4
miserable,убогий,4
stopper,пробка,4
howl,вой,4
intent,намерение,4
benevolence,доброжелательность,4
pillory,позорный столб,4
distract,отвлекать,4
profound,глубокий,4
heavier,тяжелее,4
incline,наклонять,4
hitch,заминка,4
lately,недавно,4
terror,террор,4
rasp,скрежетать,4
kitten,котенок,4
wreck,крушение,4
strand,прядь,4
blackness,чернота,4
ghastly,ужасный,4
greenish,зеленоватый,4
sicken,болеть,4
paul,Пол,4
farewell,прощание,4
soak,впитывать,4
gravely,серьезно,4
clap,хлопать в ладоши,4
sharply,резко,4
wildly,дико,4
outrage,возмущение,4
cotehardie,Котарди,4
blush,краснеть,4
displease,недовольство,4
counsel,адвокат,4
thicker,толще,4
bully,терроризировать,4
duties,обязанности,4
slender,стройный,4
roughly,грубо,4
breeches,бриджи,4
cloths,ткани,4
horseshoe,подкова,4
precisely,именно так,4
sponge,губка,4
gleam,светиться,4
yonne,Йонна,4
dimple,ямочка,4
taper,сужаться,4
madness,безумие,4
disbelief,неверие,4
spout,носик,4
pulse,пульс,4
thrust,толкать,4
obscure,затемнять,4
monsters,монстры,4
famine,голод,4
pirate,пират,4
satchel,ранец,4
cluster,кластер,4
barge,баржа,4
glare,блики,4
carolus,Каролус,4
slippers,тапочки,4
falchion,фальшион,4
dagger,кинжал,4
twine,шпагат,4
oars,весла,4
compose,сочинять,4
superior,начальство,4
desperately,отчаянно,4
navarrese,наваррский,4
eduardo,Эдуардо,4
kitchens,кухни,4
canopy,навес,4
pest,вредитель,4
vincent,Винсент,4
physician,врач,4
jewish,еврейский,4
teauneuf,чайнеф,4
papal,папский,4
misericord,кинжал,4
elysium,Элизиум,4
albrecht,Альбрехт,4
recognition,признание,4
thee,ты,4
copyright,авторское право,4
pearson,Пирсон,4
graceful,изящный,3
shepherd,пасти,3
confront,противостоять,3
restore,восстановить,3
intrigue,интрига,3
york,Йорк,3
livestock,домашний скот,3
banners,баннеры,3
throats,глотки,3
uriel,Уриэль,3
rack,стойка,3
bray,реветь,3
smarter,умнее,3
haunches,корточки,3
biggest,самый большой,3
longish,длинный,3
casually,случайно,3
rictus,риктус,3
lighter,легче,3
temper,характер,3
probe,зонд,3
harden,затвердевать,3
breaths,дыхание,3
wield,владеть,3
rooster,петух,3
consciousness,сознание,3
lighten,облегчить,3
junk,хлам,3
quail,перепелка,3
caesar,Цезарь,3
wisdom,мудрость,3
heave,поднимать,3
burden,груз,3
geezer,чувак,3
amaze,удивлять,3
callus,мозоль,3
snatch,вырвать,3
smallest,самый маленький,3
muster,сбор,3
amber,янтарь,3
renounce,отказаться,3
chirp,чирикать,3
insides,внутренности,3
brat,паршивец,3
loot,грабить,3
horseman,всадник,3
battlements,зубцы,3
bigger,больше,3
fallow,пар,3
tenth,десятый,3
yoke,ярмо,3
walnuts,грецкие орехи,3
raoul,Рауль,3
players,игроки,3
pock,оспина,3
knit,вязать,3
india,Индия,3
comets,кометы,3
safely,безопасно,3
brutal,жестокий,3
crude,сырой,3
crest,гребень,3
pleasantly,приятно,3
townville,Таунвилл,3
berry,ягода,3
wattle,плетень,3
cellar,подвал,3
buttery,маслянистый,3
suppress,подавлять,3
mound,насыпь,3
herbs,травы,3
maiden,дева,3
syllable,слог,3
bernard,Бернар,3
clairvaux,Клерво,3
vein,вена,3
sunrise,восход,3
salute,приветствие,3
fishermen,рыбаки,3
sprint,спринт,3
transfix,перефиксировать,3
buck,доллар,3
flail,цеп,3
shred,кромсать,3
fade,тускнеть,3
mute,немой,3
confess,признаваться,3
garment,одежда,3
moisten,увлажнять,3
murk,мрак,3
poorly,плохо,3
filthy,грязный,3
embarrass,смущать,3
chasuble,риза,3
censer,курильница,3
brigandage,разбой,3
horsemen,всадники,3
bits,биты,3
recruit,нанимать,3
pilgrims,паломники,3
sanson,сансон,3
sniff,нюхать,3
idiot,идиот,3
halfheartedly,без энтузиазма,3
sickly,болезненный,3
grope,нащупывать,3
grumble,ворчать,3
maria,Мария,3
excitedly,взволнованно,3
imitate,подражать,3
bamf,бамф,3
slosh,плескаться,3
mend,исправить,3
slit,щель,3
violently,яростно,3
terribly,ужасно,3
crabapple,яблоня,3
bruise,синяк,3
brazier,мангал,3
tuck,заправить,3
stool,табурет,3
downriver,вниз по течению,3
drill,сверлить,3
spray,спрей,3
almond,миндаль,3
forcefully,настойчиво,3
slay,убить,3
pitchfork,вилы,3
stocky,коренастый,3
swords,мечи,3
bust,бюст,3
bludgeon,дубинка,3
overcome,преодолеть,3
fishy,подозрительный,3
bladder,мочевой пузырь,3
dissolve,растворяться,3
curse,проклинать,3
cozy,уютный,3
wickedness,злоба,3
celestial,небесный,3
dusk,сумерки,3
splendid,великолепный,3
reign,править,3
pity,жалость,3
politely,вежливо,3
thistles,чертополох,3
astonish,удивлять,3
pastries,выпечка,3
stride,шагать,3
mockery,издевательство,3
breach,нарушение,3
stake,ставка,3
vivid,яркий,3
contort,искажать,3
cerebrum,головной мозг,3
uncomfortably,неудобно,3
spoonful,ложка,3
nobleman,дворянин,3
hoot,крик,3
trencher,траншеекопатель,3
noble,благородный,3
exit,Выход,3
tapestry,гобелен,3
tusk,бивень,3
deeds,дела,3
irresistible,неотразимый,3
flush,румянец,3
knighthood,рыцарство,3
cheer,радость,3
plow,плуг,3
moley,моли,3
events,события,3
lidded,с крышкой,3
constellation,созвездие,3
confusion,путаница,3
jacmel,Жакмель,3
gris,Гри,3
straddle,оседлать,3
chant,петь,3
loll,лол,3
momentum,импульс,3
finely,мелко,3
careen,крениться,3
scramble,карабкаться,3
babe,детка,3
abuse,злоупотреблять,3
strengthen,укреплять,3
stealth,скрытность,3
nectar,нектар,3
seine,невод,3
hillock,холм,3
heft,вес,3
pepin,пепин,3
huff,раздражение,3
poker,покер,3
faintly,слабо,3
citizens,граждане,3
barth,Барт,3
lemy,Леми,3
dieu,день,3
stagger,шататься,3
blanch,бланшировать,3
glimpse,случайно заметить,3
wretched,несчастный,3
cradle,колыбель,3
suckle,сосать,3
moustache,усы,3
crook,мошенник,3
neighborhood,район,3
liar,лжец,3
rejoin,воссоединиться,3
apples,яблоки,3
humbert,Гумберт,3
plaster,штукатурка,3
naughty,непослушный,3
huddle,ютиться,3
scrub,скраб,3
sacraments,таинства,3
sharpen,точить,3
alen,Ален,3
edward,Эдвард,3
flatten,сгладить,3
salamis,салями,3
uphill,в гору,3
poleax,секира,3
windmill,ветряная мельница,3
contempt,презрение,3
vanguard,авангард,3
parti,партия,3
recede,отступать,3
disappointment,разочарование,3
retreat,отступление,3
shear,срезать,3
warhorse,боевой конь,3
gloaming,сумеречный,3
ponthieu,Понтье,3
succumb,поддаваться,3
spain,Испания,3
theft,кража,3
baskets,корзины,3
pattens,узоры,3
indigo,индиго,3
precious,драгоценный,3
cuero,куэро,3
baton,дубинка,3
crust,корка,3
swat,удар,3
pelt,шкура,3
snuffle,сопение,3
onions,лук,3
leeks,лук-порей,3
mallet,молоток,3
vintner,винодел,3
humble,скромный,3
credible,заслуживающий доверия,3
paunchy,пузатый,3
pardoner,помилователь,3
abbot,настоятель,3
oblivious,не обращающий внимания,3
scoop,совок,3
hinge,петля,3
cushion,подушка,3
madden,безумный,3
clockwork,часовой механизм,3
mercy,милосердие,3
implore,умолять,3
helplessly,беспомощно,3
buzz,гул,3
spark,искра,3
daze,ошеломить,3
lest,чтобы,3
unseen,невидимый,3
nights,ночи,3
lover,возлюбленный,3
sermon,проповедь,3
nudge,подталкивать,3
gnash,скрежетать,3
counselor,консультант,3
rebuke,упрекать,3
mane,грива,3
william,Уильям,3
nightmares,кошмары,3
rainwater,дождевая вода,3
aisle,ряд,3
congregation,собрание,3
frequent,частый,3
blacker,чернее,3
sneak,красться,3
freckle,веснушка,3
lisande,Лизанда,3
fornicate,блудить,3
bather,купальщик,3
reeds,камыш,3
arse,жопа,3
folly,глупость,3
slick,скользкий,3
deaf,глухой,3
fume,дым,3
thankfully,к счастью,3
absence,отсутствие,3
makers,создатели,3
upward,вверх,3
delicately,деликатно,3
brace,скобка,3
maple,клен,3
bundle,пучок,3
pretense,притворство,3
satisfaction,удовлетворение,3
puzzle,головоломка,3
caress,ласкать,3
carnal,плотской,3
intimacy,близость,3
rocky,скалистый,3
cabbage,капуста,3
mushroom,гриб,3
grimace,гримаса,3
befit,приличествует,3
troubadour,трубадур,3
verse,стих,3
sparrow,воробей,3
joint,соединение,3
instinct,инстинкт,3
vintners,виноделы,3
hens,куры,3
whoever,кто бы то ни было,3
prophet,пророк,3
alleluia,аллилуйя,3
waist,талия,3
cruciform,крестообразный,3
scalp,скальп,3
shorn,стриженный,3
jules,Жюль,3
skip,пропускать,3
shroud,саван,3
tust,доверие,3
forelegs,передние ноги,3
impossibly,невозможно,3
seraph,серафим,3
gully,овраг,3
batter,тесто,3
cling,цепляться,3
croak,каркать,3
rage,ярость,3
beings,существа,3
mercifully,милосердно,3
seas,моря,3
monstrous,чудовищный,3
unaware,не подозревающий,3
lyon,Лион,3
zelay,Зелай,3
chalon,шалон,3
descend,спуститься,3
excess,избыток,3
fumble,шарить,3
vessels,сосуды,3
testicles,яички,3
chagny,Шаньи,3
apollo,Аполлон,3
crossbows,арбалеты,3
guild,гильдия,3
bump,ударяться,3
waxy,восковой,3
vessel,судно,3
cargo,груз,3
walleyed,судак,3
pleasures,удовольствия,3
raftsman,плотовщик,3
cowl,капюшон,3
jester,шут,3
vicious,беспощадный,3
passengers,пассажиры,3
martial,боевой,3
basket,корзина,3
tendrils,усики,3
soften,смягчать,3
vanity,тщеславие,3
beloved,возлюбленный,3
skeletal,скелетный,3
creak,скрипеть,3
sunset,закат,3
formless,бесформенный,3
hulk,Халк,3
entertainments,развлечения,3
cowardice,трусость,3
excite,возбуждать,3
marshal,маршал,3
janus,Янус,3
blount,притупить,3
dread,страх,3
wasp,оса,3
grove,роща,3
concubine,наложница,3
lovers,любовники,3
falconer,сокольничий,3
proclivities,склонности,3
stud,шпилька,3
cathedra,кафедра,3
hebrew,иврит,3
mint,мята,3
gatherers,собиратели,3
treaders,ступоры,3
tansy,пижма,3
pignotte,пиньотт,3
injuries,травмы,3
roger,Роджер,3
unsure,неуверенный,3
bathers,купальщики,3
miter,митра,3
canada,Канада,3
australia,Австралия,3
shutterstock,шаттерсток,3
yxve,yxve,3
gaiaqeabj,Гайакеабж,3
oacaebaae,оакебы,3
horrific,ужасный,2
readers,читатели,2
disgrace,позор,2
delirium,бред,2
righteous,праведный,2
demons,демоны,2
midst,посреди,2
europe,Европа,2
danielle,Даниэль,2
afflict,огорчать,2
spike,шип,2
devour,пожирать,2
peril,опасность,2
fearful,пугливый,2
soot,сажа,2
utterly,крайне,2
hopefully,с надеждой,2
willow,ива,2
swish,взмахнуть,2
thresh,молотить,2
ovens,печи,2
purgatory,чистилище,2
glue,клей,2
manors,поместья,2
creek,ручей,2
flaxen,льняной,2
lanky,долговязый,2
wick,фитиль,2
stringy,жилистый,2
foreigners,иностранцы,2
serf,крепостной,2
pubis,лобок,2
spite,злоба,2
oldest,самый старый,2
bullock,бык,2
exuberantly,буйно,2
goats,козы,2
patience,терпение,2
sinners,грешники,2
sodom,Содом,2
foliage,листва,2
bluff,блефовать,2
ungainly,неуклюжий,2
slump,спад,2
drench,мочить,2
flint,кремень,2
droopy,обвисший,2
bowels,недра,2
warily,осторожно,2
crank,провернуть,2
eggshells,яичная скорлупа,2
horseshit,чушь,2
ignoble,неблагородный,2
hound,гончая,2
render,оказывать,2
hysterical,истеричный,2
pomander,помандер,2
audible,слышимый,2
louis,Луи,2
blackthorn,терновник,2
profanity,ненормативная лексика,2
sextet,секстет,2
communion,общение,2
nastily,противно,2
expectantly,выжидающе,2
pail,ведро,2
defiant,дерзкий,2
birdsong,пение птиц,2
pine,сосна,2
chuck,патрон,2
invisible,невидимый,2
weird,странный,2
wrists,запястья,2
inherit,наследовать,2
fleur,флер,2
compel,принуждать,2
grief,горе,2
conical,конический,2
tenderly,нежно,2
moments,моменты,2
mitigate,смягчать,2
candlemas,свечи,2
wetly,мокрый,2
yawn,зевать,2
burials,захоронения,2
cygnus,лебедь,2
italy,Италия,2
furs,меха,2
gaudy,яркий,2
instantly,немедленно,2
gear,механизм,2
manners,манеры,2
goad,стимул,2
cloister,монастырь,2
dormitory,общежитие,2
daub,мазать,2
nave,неф,2
strew,посыпать,2
cistercians,цистерцианцы,2
envy,завидовать,2
unarm,разоружаться,2
expertly,мастерски,2
monkshood,монашество,2
chickens,куры,2
yolks,желтки,2
sorrel,щавель,2
foal,жеребенок,2
yarrow,тысячелистник,2
flemish,фламандский,2
sausages,сосиски,2
handcart,ручная тележка,2
skulls,черепа,2
flank,фланг,2
militia,милиция,2
broadly,широко,2
isolate,изолировать,2
peddler,разносчик,2
families,семьи,2
trout,форель,2
pike,щука,2
murky,мутный,2
froggy,лягушачий,2
gulp,глоток,2
mules,мулы,2
deepen,углублять,2
laundress,прачка,2
woolly,мохнатый,2
proclamations,прокламации,2
generosity,щедрость,2
damnation,проклятие,2
drain,осушать,2
penance,покаяние,2
knightly,рыцарский,2
mucky,грязный,2
cuisses,панталоны,2
scour,рыскать,2
tentatively,предварительно,2
meekly,кротко,2
fragile,хрупкий,2
clumsy,неуклюжий,2
threadbare,изношенный,2
invert,инвертировать,2
bristle,щетина,2
procession,процессия,2
briefly,кратко,2
cloak,плащ,2
presumably,предположительно,2
flinch,вздрагивать,2
reappear,вновь появиться,2
clang,лязг,2
loop,петля,2
milky,молочный,2
beardy,бородатый,2
taut,тугой,2
foam,мыло,2
fray,изнашиваться,2
sober,трезвый,2
tense,напряженный,2
wade,пробираться вброд,2
dutifully,послушно,2
blend,смешивать,2
brutality,жестокость,2
impale,пронзить,2
sodden,промокший,2
wider,шире,2
plunge,погружаться,2
purse,кошелек,2
ooze,сочиться,2
fluid,жидкость,2
translucent,полупрозрачный,2
temple,храм,2
spasms,спазмы,2
gash,порезать,2
hoarsely,хрипло,2
bead,шарик,2
slake,утолить,2
mathilde,Матильда,2
mustn,должен,2
coffer,сундук,2
fevers,лихорадка,2
wimple,слабак,2
downhill,скоростной спуск,2
drape,драпировать,2
tokens,жетоны,2
eggplant,баклажан,2
creatures,существа,2
distinct,отчетливый,2
leaden,свинцовый,2
brightly,ярко,2
lust,похоть,2
catastrophe,катастрофа,2
shirtless,без рубашки,2
protuberant,выпуклый,2
froth,пена,2
recline,откидываться,2
wheeze,хрипеть,2
imprint,отпечаток,2
rumor,слух,2
bestow,дарить,2
quarry,карьер,2
feverish,лихорадочный,2
almonds,миндаль,2
merely,просто,2
deaths,летальные исходы,2
tragedy,трагедия,2
attackers,нападавшие,2
penitent,кающийся,2
nook,уголок,2
blacksmith,кузнец,2
perrin,Перрен,2
tradesmen,торговцы,2
slaughter,резня,2
survivors,выжившие,2
forearm,предплечье,2
benediction,благословение,2
loom,ткацкий станок,2
heavens,небеса,2
radish,редис,2
chicks,цыплята,2
stray,бродить,2
turrets,башенки,2
siege,осада,2
rider,всадник,2
greetings,привет,2
fife,файф,2
tournaments,турниры,2
privilege,привилегия,2
skitter,носиться,2
brightest,самый яркий,2
fortress,крепость,2
daytime,дневное время,2
afric,африканский,2
halls,залы,2
archway,арка,2
merciful,милосердный,2
amusement,развлечение,2
leonine,львиный,2
mimic,имитировать,2
resume,резюме,2
sandy,Сэнди,2
dandy,денди,2
cathar,катар,2
amid,среди,2
boast,хвастаться,2
platter,блюдо,2
garlicky,чесночный,2
gravy,подливка,2
proudly,гордо,2
applause,аплодисменты,2
unclear,неясно,2
practically,практически,2
ecstasy,экстази,2
squirm,извиваться,2
salty,соленый,2
skilled,опытный,2
moorish,мавританский,2
headpiece,головной убор,2
euph,эйф,2
pierrot,Пьеро,2
aragon,Арагон,2
trickle,струиться,2
celebrants,празднующие,2
dine,обедать,2
drool,пускать слюни,2
unjustly,несправедливо,2
comprehend,постигать,2
drowsy,сонливый,2
lionish,львиный,2
fiery,огненный,2
sconce,бра,2
heroic,героический,2
cambrai,Камбре,2
ridiculously,смешно,2
mustachios,усы,2
hainault,Эно,2
happier,счастливее,2
overmuscled,мускулистый,2
hairs,волосы,2
whorehouse,публичный дом,2
palmful,горсть,2
nipples,соски,2
absorb,поглощать,2
lamps,лампы,2
heraldic,геральдический,2
trumpet,труба,2
rail,рельс,2
quartet,квартет,2
trample,топтать,2
laterally,латерально,2
whitish,беловатый,2
stubbornly,упрямо,2
solidly,прочно,2
dislodge,вытеснять,2
unsuccessfully,безуспешно,2
upright,вертикальный,2
altogether,вообще,2
slam,хлопнуть,2
crotch,промежность,2
sidestep,обходить стороной,2
leak,утечка,2
gush,хлестать,2
unconcerned,беззаботный,2
sprout,росток,2
fighter,боец,2
hearths,очаги,2
maidenhead,девичья голова,2
furtherance,продвижение,2
sacred,священный,2
frail,хрупкий,2
phegor,фегор,2
agents,агенты,2
thirds,трети,2
exile,изгнание,2
zephon,зефон,2
sandals,сандалии,2
fountain,фонтан,2
perish,погибнуть,2
rival,соперник,2
daggers,кинжалы,2
trundle,кататься,2
sleet,мокрый снег,2
scarce,скудный,2
villages,деревни,2
cave,пещера,2
meager,скудный,2
moss,мох,2
toothless,беззубый,2
sham,притворство,2
hover,зависать,2
jeer,издеваться,2
louvre,Лувр,2
spires,шпили,2
provost,проректор,2
vain,тщеславный,2
disgust,отвращение,2
inns,гостиницы,2
cider,сидр,2
jean,Жан,2
phillipe,Филипп,2
obstacles,препятствия,2
vielle,Вьель,2
spittle,плевать,2
gorgeous,великолепный,2
overwhelm,подавлять,2
torment,мучить,2
reflex,рефлекс,2
wholly,полностью,2
viscera,внутренности,2
bucherie,бушери,2
timber,древесина,2
flake,чешуйка,2
doubtless,несомненно,2
sous,су,2
bargain,торговаться,2
moldy,заплесневелый,2
frown,хмуриться,2
decompose,разлагать,2
ledge,выступ,2
latrine,уборная,2
pottage,похлебка,2
plead,умолять,2
impotently,бессильно,2
rouen,Руан,2
shavings,стружка,2
coverlet,покрывало,2
catamite,катамит,2
soundly,добротно,2
horsily,лошадиный,2
moist,влажный,2
terrace,терраса,2
funnel,воронка,2
crossbowmen,арбалетчики,2
genoese,генуэзский,2
wales,Уэльс,2
knobby,узловатый,2
aventail,бармица,2
visor,козырек,2
regain,вернуть себе,2
goose,Гусь,2
lull,убаюкивать,2
shush,тише,2
clerk,клерк,2
lordship,светлость,2
broth,бульон,2
revolt,бунт,2
excommunication,отлучение от церкви,2
parisian,парижский,2
sockets,розетки,2
finches,зяблики,2
acrobat,акробат,2
outsized,негабаритный,2
singsong,пение,2
franche,франшиза,2
comt,комт,2
commerce,коммерция,2
languages,языки,2
innumerable,бесчисленный,2
songs,песни,2
bicker,ссора,2
stave,посох,2
hazelnuts,фундук,2
wolf,волк,2
snarl,рычать,2
carp,карп,2
aprons,фартуки,2
glitter,блеск,2
fishmonger,торговец рыбой,2
cheerfully,весело,2
munch,жевать,2
urgency,срочность,2
vial,флакон,2
reliquary,реликварий,2
stallion,жеребец,2
spokes,спицы,2
catherine,Екатерина,2
tighter,крепче,2
relics,реликвии,2
bewitch,околдовать,2
interpose,вставлять,2
hasp,засов,2
patiently,терпеливо,2
twilight,сумерки,2
intervals,интервалы,2
baser,низменный,2
merit,заслуга,2
tallow,жир,2
moths,мотыльки,2
flare,вспышка,2
restless,беспокойный,2
pathetically,жалко,2
gladness,радость,2
flip,подбросить,2
gore,кровь,2
trio,трио,2
maker,создатель,2
scuttle,убегать,2
wearily,устало,2
apostles,апостолы,2
aloft,ввысь,2
squarely,прямо,2
assault,атаковать,2
fool,дурак,2
ringer,звонарь,2
grime,грязь,2
reaper,жнец,2
troubadours,трубадуры,2
skillful,умелый,2
werewolf,оборотень,2
banish,изгонять,2
fidget,непоседа,2
shrink,сокращать,2
bitte,укусить,2
unimportant,неважно,2
flirt,флиртовать,2
promiscuous,распутный,2
lanterns,фонари,2
distinguish,различать,2
eucharist,Евхаристия,2
infatuation,увлечение,2
samuel,Сэмюэл,2
nonetheless,тем не менее,2
perceive,воспринимать,2
standards,стандарты,2
crave,жаждать,2
reassurance,заверение,2
greedy,жадный,2
homily,проповедь,2
drover,погонщик,2
riposte,ответный удар,2
virtues,добродетели,2
menace,угроза,2
fart,пердеть,2
fougi,фуги,2
sickbed,койка больного,2
willows,ивы,2
swath,полоса,2
raven,ворон,2
harrow,борона,2
newfound,вновь обретенный,2
backside,задняя сторона,2
parapet,парапет,2
gills,жабры,2
guffaw,хохот,2
victims,жертвы,2
weaker,слабее,2
bleedings,кровотечения,2
dally,развлекаться,2
unknowable,непознаваемый,2
plumb,отвесить,2
peel,чистить,2
mate,приятель,2
nettle,крапива,2
unbearably,невыносимо,2
wobble,колебаться,2
thorn,шип,2
encase,заключать в себе,2
yield,урожай,2
lodge,домик,2
gout,подагра,2
eject,выбрасывать,2
loosen,ослабить,2
defy,бросать вызов,2
violate,нарушать,2
undress,раздеваться,2
chafe,раздражать,2
poppet,кукла,2
kinder,добрее,2
vulgarity,пошлость,2
remedy,средство,2
coax,коаксиальный,2
seemingly,по-видимому,2
pucker,сморщенный,2
acorn,желудь,2
pebbles,галька,2
ladle,ковш,2
gnaw,грызть,2
fierce,яростный,2
buffet,буфет,2
hooo,ого-го,2
retrieve,забрать,2
chevron,шеврон,2
rampant,безудержный,2
bravely,смело,2
coolly,хладнокровно,2
arena,арена,2
unconsciously,бессознательно,2
pimples,прыщи,2
tramp,бродяга,2
blessings,благословения,2
dumbstruck,ошеломленный,2
lipped,губчатый,2
fascinate,очаровывать,2
deus,бог,2
toto,тото,2
quia,что,2
solum,раствор,2
poenas,поэны,2
parody,пародия,2
carrots,морковь,2
nimble,проворный,2
behold,вот,2
gott,надо,2
bishops,епископы,2
threescore,шестьдесят,2
sweetly,сладко,2
hindrance,помеха,2
ecstatic,экстатический,2
drummer,барабанщик,2
elicit,выявлять,2
brutally,жестоко,2
shave,бриться,2
tithe,десятина,2
outright,прямо,2
michonneau,Мишоно,2
beckon,манить,2
perigny,Периньи,2
plaything,игрушка,2
wring,выкручивать,2
chestnuts,каштаны,2
benedictine,бенедиктинец,2
surrender,сдаваться,2
townsfolk,горожане,2
savage,дикий,2
sisters,сестры,2
depart,уйти,2
stub,заглушка,2
gratefully,с благодарностью,2
grayish,сероватый,2
missiles,ракеты,2
trudge,тащиться,2
revelation,откровение,2
doll,кукла,2
horrors,ужасы,2
whack,ударить,2
scenes,сцены,2
multitude,множество,2
heartbreaking,душераздирающий,2
smother,душить,2
affront,оскорбление,2
blister,волдырь,2
alchemy,алхимия,2
bestiary,бестиарий,2
persist,сопротивляться,2
armies,армии,2
turk,турок,2
arbois,арбуа,2
radiate,излучать,2
fondly,нежно,2
langue,язык,2
salom,Салом,2
wondrous,чудесный,2
intimately,интимно,2
mama,мама,2
adjust,регулировать,2
runnel,канализация,2
innkeeper,трактирщик,2
graft,взяточничество,2
rosary,четки,2
florentine,флорентийский,2
reverential,почтительный,2
carbonelli,Карбонелли,2
hunters,охотники,2
chestnut,каштан,2
velvet,бархат,2
kingly,царственный,2
antlers,рога,2
trophy,трофей,2
poach,браконьерство,2
caterina,Катерина,2
outrageous,возмутительный,2
raftsmen,плотовщики,2
undoubtedly,несомненно,2
warrior,воин,2
windlass,брашпиль,2
pillow,подушка,2
tournus,турнус,2
gravel,гравий,2
philibert,Филиберт,2
bargemen,бармены,2
foolishly,глупо,2
ashore,на берегу,2
sheaves,снопы,2
magnanimity,великодушие,2
docile,послушный,2
foolish,глупый,2
piracy,пиратство,2
deeper,Глубже,2
worsen,ухудшаться,2
lever,рычаг,2
deceptively,обманчиво,2
squeak,скрипеть,2
trim,подрезать,2
mislead,вводить в заблуждение,2
diagonally,по диагонали,2
viscous,вязкий,2
jelly,желе,2
frills,оборки,2
properties,характеристики,2
bloom,цвести,2
dimly,смутно,2
swimmers,пловцы,2
countless,бесчисленное множество,2
shallower,более мелкий,2
furiously,яростно,2
captive,пленник,2
rainy,дождливый,2
blindly,слепо,2
uncertainly,неуверенно,2
sorrow,печаль,2
bergamot,бергамот,2
unfiltered,нефильтрованный,2
texts,тексты,2
eclipse,затмение,2
flaw,недостаток,2
scarecrow,пугало,2
lightly,слегка,2
laborers,чернорабочие,2
thrill,трепет,2
ocher,охра,2
blur,размытие,2
enclosure,ограждение,2
trough,впадина,2
nooks,укромные уголки,2
cadavers,трупы,2
dome,купол,2
selfish,эгоистичный,2
grape,виноград,2
gaul,галл,2
overdue,просроченный,2
thicket,заросли,2
misunderstand,неправильно понять,2
mornas,утро,2
remarkably,замечательно,2
suspicious,подозрительный,2
routier,маршрутчик,2
bathhouse,баня,2
longbow,длинный лук,2
bitterly,горько,2
tubs,ванны,2
lethal,смертельный,2
leverage,использовать,2
nearest,ближайший,2
ruddy,румяный,2
vats,чаны,2
belfry,колокольня,2
easier,Полегче,2
astound,изумлять,2
hobble,ковылять,2
heir,наследник,2
raggedy,оборванный,2
unbecoming,неподходящий,2
lengths,длины,2
puppy,щенок,2
resplendent,блестящий,2
hoooo,огооо,2
honorable,почетный,2
charles,Чарльз,2
burgos,Бургос,2
dismount,спешиться,2
snag,загвоздка,2
upswing,подъем,2
parry,парировать,2
milanese,миланский,2
capon,каплун,2
hopeless,безнадежный,2
blurry,размытый,2
sloe,терн,2
frost,мороз,2
warriors,воины,2
weakly,слабо,2
dowry,приданое,2
verdant,зеленый,2
mantle,мантия,2
sackcloth,вретище,2
amongst,среди,2
arabian,арабский,2
barb,колючка,2
sleeper,спальное место,2
marketplace,рынок,2
emblem,эмблема,2
secretaries,секретари,2
naples,Неаполь,2
emerald,изумруд,2
figs,инжир,2
sconces,бра,2
trestle,эстакада,2
foibles,слабости,2
scarcely,едва ли,2
impoverish,обеднять,2
defense,защита,2
etch,травить,2
undeserving,незаслуживающий,2
diners,посетители,2
nascent,зарождающийся,2
extinguish,гасить,2
seigneurs,сеньоры,2
wiggle,покачиваться,2
triple,тройной,2
popes,папы,2
chemin,чемин,2
renard,ренар,2
unsound,необоснованный,2
footsteps,шаги,2
scold,ругать,2
olive,оливковый,2
loins,поясница,2
silhouette,силуэт,2
distaste,отвращение,2
potent,мощный,2
natured,естественный,2
boyish,мальчишеский,2
tickle,щекотать,2
tenfold,в десять раз,2
bold,смелый,2
duke,герцог,2
unite,объединяться,2
memories,воспоминания,2
earl,граф,2
salisbury,Солсбери,2
adultery,прелюбодеяние,2
messenger,посланник,2
hallway,коридор,2
dazzle,ослеплять,2
dearly,дорого,2
butler,дворецкий,2
ferret,хорек,2
insh,инш,2
allah,Аллах,2
halve,разделить пополам,2
dungeon,темница,2
fingernails,ногти,2
writ,приказ,2
diego,Диего,2
ecclesiastic,церковный,2
alsatian,эльзасский,2
nephew,племянник,2
spiral,спираль,2
staircase,лестница,2
waver,колебаться,2
cram,зубрить,2
streak,полоса,2
privately,в частном порядке,2
paradise,рай,2
girlish,девичий,2
niece,племянница,2
titter,хихиканье,2
urgent,срочный,2
cull,отбраковывать,2
harsh,жесткий,2
trigger,курок,2
jostle,толкать,2
crossbowman,арбалетчик,2
prisms,призмы,2
archangel,архангел,2
seagull,чайка,2
grim,мрачный,2
marie,Мари,2
differ,отличаться,2
medieval,средневековый,2
haeuser,Хойзер,2
wilcox,Уилкокс,2
berkley,Беркли,2
avenue,проспект,2
london,Лондон,2
ireland,Ирландия,2
camberwell,Кэмбервелл,2
zealand,Зеландия,2
africa,Африка,2
rinqsieqyj,ринксикий,2
