donut,пончик,804
didn,не сделал,341
mordecai,Мордекай,209
dungeon,подземелье,190
carl,Карл,170
these,эти,159
those,те,144
goblin,гоблин,138
wasn,разве,131
inventory,инвентарь,128
couldn,мог бы,116
toward,к,114
feet,ноги,111
grind,молоть,107
hallway,коридор,105
okay,хорошо,101
brandon,Брэндон,99
margin,допуск,98
crawlers,сканеры,98
crawler,гусеничный робот,97
amzn,амзн,97
mobi,Моби,97
font,шрифт,96
monster,монстр,96
fuck,ебать,91
felt,чувствовал себя,88
hours,часы,87
odette,Одетта,85
loot,добыча,84
hadn,имел,80
minutes,минуты,76
grub,жратва,73
stairs,лестница,70
shit,дерьмо,69
heal,лечить,67
items,предметы,66
wouldn,бы,65
things,вещи,63
imani,Имани,62
maestro,маэстро,62
monsters,монстры,60
barely,едва,56
potion,зелье,56
center,центр,54
yolanda,Иоланда,54
legs,ноги,53
chamber,камера,52
frank,откровенный,52
agatha,Агата,52
goblins,гоблины,51
neighborhood,район,51
doesn,не делает,50
ones,те,49
mongo,монго,48
missile,ракета,47
borant,борант,46
elemental,элементарный,44
days,дни,43
maggie,Мэгги,43
damn,проклятие,42
sigh,вздох,42
pause,пауза,42
subtitle,субтитры,41
mana,мана,41
chris,Крис,41
cage,клетка,41
hiss,шипение,40
torch,факел,40
corpse,труп,40
others,другие,39
claw,коготь,39
years,годы,38
weren,не было,38
fell,упал,38
punch,ударить кулаком,38
earlier,ранее,38
calt,колт,37
toss,бросать,37
rage,ярость,37
cart,тележка,37
longer,дольше,36
bronze,бронза,36
creatures,существа,36
scroll,прокрутка,36
leap,прыгнуть,35
tutorial,учебник,35
glow,светиться,35
armor,броня,34
skull,череп,34
pant,брюки,33
width,ширина,32
guild,гильдия,32
potions,зелья,32
chopper,чоппер,32
copyright,авторское право,31
fist,кулак,31
trap,ловушка,30
aren,арен,30
align,выровнять,29
smash,разгромить,29
dynamite,динамит,29
dingoes,динго,29
glurp,глотать,29
random,случайный,28
syndicate,синдикат,28
weird,странный,28
bigger,больше,28
boom,бум,28
borough,район,28
asshole,засранец,27
spike,шип,27
goddamnit,черт возьми,27
moonshine,самогон,27
descend,спуститься,26
scratch,царапать,26
slam,хлопнуть,26
squeal,визжать,26
achievements,достижения,26
corpses,трупы,26
snap,щелчок,25
skills,навыки,25
recap,резюме,25
contributor,участник,24
blast,взрыв,24
deeper,Глубже,24
blink,моргать,24
rocket,ракета,24
bare,голый,24
enchant,очаровывать,24
teleport,телепортироваться,24
fairy,сказочный,24
crawl,ползти,23
beatrice,Беатрис,23
timer,таймер,23
dozer,бульдозер,23
higher,выше,23
tally,подсчет,23
stairwell,лестничная клетка,23
dingo,динго,23
handleleft,ручкалевая,22
handleright,ручка вправо,22
halfcircleleft,полукруг влево,22
halfcircleright,полукругправый,22
hyphen,дефис,22
humans,люди,22
stats,статистика,22
grunt,ворчать,22
minimap,миникарта,22
grasp,понять,22
yell,кричать,22
notifications,уведомления,22
bounce,подпрыгивать,22
properties,характеристики,22
bolt,болт,22
fairies,феи,22
missiles,ракеты,22
kobolds,кобольды,22
clurichauns,Клюриконы,22
barrel,бочка,21
halfway,наполовину,21
moments,моменты,21
brindle,тигровый,21
crap,дерьмо,20
burst,лопаться,20
doors,двери,20
stat,статистика,20
cloak,плащ,20
debuff,дебафф,20
counter,прилавок,20
followers,последователи,19
span,охватывать,19
cars,автомобили,19
spin,вращаться,19
mutter,бормотать,19
teeth,зубы,19
literally,буквально,19
weapons,оружие,19
hopefully,с надеждой,19
tattoo,татуировка,19
llama,лама,19
bathrooms,ванные комнаты,19
garbage,мусор,19
quadrant,квадрант,19
lexis,лексика,19
kobold,кобольд,19
blockquote,цитата,18
gonna,собираюсь,18
splatter,брызги,18
clutch,схватить,18
spray,спрей,18
viewers,зрители,18
areas,области,18
magical,волшебный,18
terrify,пугать,18
rory,Рори,18
ramp,рампа,18
tuskling,дергаться,18
tentacle,щупальце,18
gotta,должен,17
tick,галочка,17
spit,плевать,17
dozens,десятки,17
exit,Выход,17
crunch,хруст,17
constitution,конституция,17
activate,активировать,17
inflict,нанести,17
trailer,трейлер,17
rebecca,Ребекка,17
arrow,стрелка,16
webkit,вебкит,16
manual,руководство,16
color,цвет,16
steam,пар,16
swing,качать,16
hallways,коридоры,16
stumble,спотыкаться,16
smaller,меньше,16
charisma,харизма,16
disgust,отвращение,16
scar,шрам,16
zoom,масштабировать,16
residents,жители,16
slingshot,рогатка,16
shield,щит,16
license,лицензия,15
hyphenate,ставить через дефис,15
jack,Джек,15
bullshit,чушь,15
corporation,корпорация,15
mentally,умственно,15
roar,рев,15
wander,бродить,15
shrug,пожать плечами,15
favorites,избранное,15
flesh,плоть,15
charm,очарование,15
folks,близкие,15
hoarder,накопитель,15
mcgibbons,Макгиббонс,15
krakaren,кракарен,15
llmm,ммм,14
publisher,издатель,14
clothe,одевать,14
assholes,придурки,14
crack,трескаться,14
bitch,сука,14
groan,стон,14
crush,раздавить,14
carve,вырезать,14
nearby,рядом,14
alien,чужак,14
ninth,девятый,14
suck,сосать,14
scramble,карабкаться,14
shriek,визжать,14
trigger,курок,14
tusklings,бивни,14
admin,администратор,14
cheer,радость,13
crab,краб,13
shove,засунуть,13
legendary,легендарный,13
combat,бой,13
meter,метр,13
flip,подбросить,13
faster,Быстрее,13
screech,визг,13
forth,вперед,13
countdown,обратный отсчет,13
shudder,содрогаться,13
patrons,покровители,13
larger,больше,13
gear,механизм,13
biscuits,печенье,13
poke,тыкать,13
sword,меч,13
splash,всплеск,13
explosive,взрывчатый,13
cooldown,остывать,13
scenes,сцены,13
ease,простота,13
troglodyte,троглодит,13
juicer,соковыжималка,13
couch,диван,13
guests,гости,13
piglets,поросята,13
zhang,Чжан,13
matt,матовый,12
dinniman,Динниман,12
bark,лаять,12
ornamental,декоративный,12
variant,вариант,12
piss,ссать,12
glance,взглянуть мельком,12
assign,назначать,12
guilds,гильдии,12
growl,рычать,12
adventurer,авантюрист,12
haven,убежище,12
members,члены,12
jesus,Иисус,12
troll,тролль,12
buff,бафф,12
interface,интерфейс,12
excite,возбуждать,12
thankfully,к счастью,12
gauntlet,перчатка,12
buildings,здания,11
dare,осмелиться,11
dexterity,ловкость,11
lekton,лектон,11
onum,онум,11
frameleft,рамка слева,11
frameright,рамаправая,11
adobe,саман,11
closest,ближайший,11
anymore,больше,11
dude,чувак,11
goddamned,проклятый,11
scatter,разбрасывать,11
shred,кромсать,11
scorch,обжигать,11
glare,блики,11
oddly,как ни странно,11
populate,заселять,11
underneath,под,11
stronger,сильнее,11
bard,бард,11
crown,корона,11
magically,волшебно,11
plummet,падать,11
explosives,взрывчатка,11
closer,ближе,11
hover,зависать,11
lizard,ящерица,11
arena,арена,11
lucia,Люсия,11
taint,пятно,11
empire,империя,11
mukta,мукта,11
gerbil,песчанка,11
braceleft,скобка слева,10
braceright,брекет-право,10
circleleft,круг влево,10
circleright,круг вправо,10
vellum,пергамент,10
auto,авто,10
trail,тащить,10
bore,бурить,10
friends,друзья,10
sniff,нюхать,10
screw,винт,10
idiot,идиот,10
swipe,проведите пальцем по экрану,10
lick,лизать,10
easier,Полегче,10
helmet,шлем,10
squeak,скрипеть,10
rumble,гул,10
besides,кроме,10
notification,уведомление,10
physically,физически,10
metallic,металлический,10
dumb,тупой,10
grin,ухмылка,10
brace,скобка,10
thrash,бить,10
handful,горстка,10
strip,полоска,10
menus,меню,10
resume,резюме,10
reappear,вновь появиться,10
knuckle,сустав,10
ridiculous,нелепый,10
tome,том,10
women,женщины,10
gaze,взгляд,10
scatterers,рассеиватели,10
choices,выбор,10
corridor,коридор,10
clink,звенеть,10
loop,петля,10
killer,убийца,10
workshop,мастерская,10
lorelai,Лорелай,10
tentacles,щупальца,10
skulls,черепа,10
yourselves,себя,10
meadow,луг,10
lark,жаворонок,10
shatter,разбить,10
laminak,ламинак,10
smoothie,смузи,10
dinosaur,динозавр,10
emnp,эмнп,9
jkma,Джкма,9
jrogau,Джрогау,9
leftarrow,стрелка влево,9
uparrow,стрелка вверх,9
downarrow,вниз,9
logo,логотип,9
howl,вой,9
children,дети,9
useless,бесполезный,9
stink,вонять,9
twist,крутить,9
chomp,чавкать,9
swish,взмахнуть,9
peer,вглядеться,9
contraption,изобретение,9
pineapple,ананас,9
ninja,ниндзя,9
crackle,потрескивать,9
louder,громче,9
buzz,гул,9
grumble,ворчать,9
platinum,платина,9
pulse,пульс,9
hotlist,горячий список,9
lighter,легче,9
pierce,пронзить,9
filthy,грязный,9
vomit,рвота,9
glitter,блеск,9
maze,лабиринт,9
lava,лава,9
cockroach,таракан,9
scatterer,рассеиватель,9
cockroaches,тараканы,9
gore,кровь,9
immunity,иммунитет,9
spear,копье,9
bully,терроризировать,9
identical,идентичный,9
monstrosity,чудовищность,9
wheelchair,инвалидная коляска,9
troglodytes,троглодиты,9
redoubt,редут,9
brindled,пестрый,9
yvette,Иветт,9
heap,куча,8
staircase,лестница,8
gasp,задыхаться,8
fonts,шрифты,8
rightarrow,стрелка вправо,8
indent,отступ,8
alignment,выравнивание,8
inline,в соответствии,8
monospace,моноширинный,8
furry,пушистый,8
squeeze,сжимать,8
rack,стойка,8
english,английский,8
utilize,использовать,8
distant,далекий,8
congratulations,поздравления,8
companion,компаньон,8
alley,переулок,8
billow,вздыматься,8
doorway,дверной проем,8
hook,крюк,8
relieve,облегчить,8
momentum,импульс,8
worlds,миры,8
poofed,надутый,8
acid,кислота,8
patron,покровитель,8
hundreds,сотни,8
amongst,среди,8
hunk,красавчик,8
blob,капля,8
backward,назад,8
sizzle,шипеть,8
hammer,молоток,8
llamas,ламы,8
bopca,бопка,8
butterfly,бабочка,8
drip,капать,8
stomp,топать,8
alchemy,алхимия,8
wick,фитиль,8
bonus,бонус,8
kneepads,наколенники,8
knees,колени,8
segment,сегмент,8
naked,голый,8
older,старше,8
chieftain,вождь,8
dodge,уклоняться,8
artery,артерия,8
flicker,мерцать,8
pork,свинина,8
pupa,куколка,8
zombie,зомби,8
clurichaun,Клюрикоун,8
moab,Моав,8
pupae,куколки,8
hornet,шершень,8
ralph,Ральф,8
info,информация,7
attribution,атрибуция,7
asian,азиат,7
dedication,преданность,7
uppercase,верхний регистр,7
blurbs,аннотации,7
instantly,немедленно,7
throttle,дроссель,7
startle,испугать,7
curse,проклинать,7
anticipate,предвидеть,7
unarm,разоружаться,7
fade,тускнеть,7
alleyway,переулок,7
yowl,вой,7
tractor,трактор,7
slaughter,резня,7
bulldozer,бульдозер,7
wield,владеть,7
fists,кулаки,7
horrify,ужасать,7
whirl,вихрь,7
sneak,красться,7
smear,мазать,7
guildmaster,мастер гильдии,7
shaman,шаман,7
clan,клан,7
boiler,котел,7
snatch,вырвать,7
pyramid,пирамида,7
poker,покер,7
christ,Христос,7
gross,валовой,7
nope,неа,7
automatically,автоматически,7
swallow,глотать,7
tier,уровень,7
cudgel,дубина,7
somehow,как-то,7
stun,оглушить,7
negate,отрицать,7
tiara,тиара,7
equip,оборудовать,7
bits,биты,7
gurgle,булькать,7
pitiful,жалкий,7
halls,залы,7
smush,раздавить,7
intact,нетронутый,7
jingle,звон,7
stealth,скрытность,7
devour,пожирать,7
cute,милый,7
peel,чистить,7
upgrade,обновление,7
stab,нанести удар,7
lair,логово,7
puke,блевать,7
gunpowder,порох,7
cocker,кокер,7
invisible,невидимый,7
lightning,молния,7
miles,миль,7
shamanka,шаманка,7
outrage,возмущение,7
clatter,стук,7
hobgoblin,хобгоблин,7
heave,поднимать,7
ping,пинг,7
devices,устройства,7
sapper,сапер,7
desperado,отчаянный,7
blender,блендер,7
stairwells,лестничные клетки,7
wheelchairs,инвалидные коляски,7
practically,практически,7
absurdly,абсурдно,7
ferdinand,Фердинанд,7
hesitantly,нерешительно,7
swine,свинья,7
randall,Рэндалл,7
protective,защитный,7
gravity,гравитация,7
hornets,шершни,7
squawk,визжать,7
mongoliensis,Монгольская,7
facebook,Фейсбук,7
survival,выживание,6
it's,его,6
gcmkjlcv,gcmkjlcv,6
uago,уаго,6
holder,держатель,6
chew,жевать,6
icons,значки,6
endnotes,сноски,6
titlepage,титульный лист,6
contributors,участники,6
interior,интерьер,6
patreon,патреон,6
boxers,боксеры,6
fuzzy,нечеткий,6
tempt,искушать,6
parsons,пасторы,6
precious,драгоценный,6
exploit,эксплуатировать,6
litter,мусор,6
warmth,тепло,6
painfully,болезненно,6
hunks,красавчики,6
riders,всадники,6
ways,пути,6
bang,хлопнуть,6
taller,выше,6
ears,уши,6
bloody,кровавый,6
folder,папка,6
spill,разливать,6
spark,искра,6
lever,рычаг,6
snarl,рычать,6
overwhelm,подавлять,6
peek,заглянуть,6
survivor,выживший,6
adjust,регулировать,6
permanently,навсегда,6
math,математика,6
wisdom,мудрость,6
intergalactic,межгалактический,6
seep,просачиваться,6
vanish,исчезнуть,6
pugilism,кулачный бой,6
damnit,блин,6
enemies,враги,6
imbue,наполнять,6
quadruped,четвероногий,6
bodyguard,телохранитель,6
directions,направления,6
curl,завиток,6
thwump,стук,6
rear,задний,6
lootable,грабимый,6
purr,мурлыкать,6
nest,гнездо,6
protector,защитник,6
vein,вена,6
collar,воротник,6
pounce,внезапно атаковать,6
creep,слизняк,6
slash,косая черта,6
upward,вверх,6
favor,услуга,6
leash,поводок,6
clay,глина,6
mugshots,фотографии,6
sixth,шестой,6
basket,корзина,6
oversized,негабаритный,6
patch,пластырь,6
dissolve,растворяться,6
sidecar,коляска,6
copper,медь,6
lump,кусок,6
afterward,потом,6
dick,хуй,6
detonator,детонатор,6
graphic,графика,6
cots,детские кроватки,6
crupper,круп,6
orcish,оркский,6
workers,рабочие,6
motion,движение,6
naughty,непослушный,6
infest,заражать,6
spiral,спираль,6
walker,ходок,6
beast,зверь,6
knight,рыцарь,6
wrist,запястье,6
shuriken,сюрикен,6
tusk,бивень,6
fortress,крепость,6
holo,голо,6
dread,страх,6
miniature,миниатюра,6
barry,Барри,6
pamphlet,брошюра,6
toast,тост,6
glob,шарик,6
custard,заварной крем,6
trillion,триллион,6
vespas,веспы,6
snick,щелкнуть,6
litrpg,литрпг,5
galaxy,галактика,5
embed,вставлять,5
parenleft,слева в скобках,5
titl,титул,5
bracketleft,скобкалевая,5
bracketright,скобка вправо,5
odds,шансы,5
serif,с засечками,5
verse,стих,5
epigraph,эпиграф,5
systems,системы,5
crocs,крокодилы,5
fucker,Подонок,5
utter,полный,5
materials,материалы,5
reclamation,мелиорация,5
bewilder,сбивать с толку,5
shuffle,перетасовать,5
horn,рог,5
echo,эхо,5
demon,демон,5
assault,атаковать,5
designate,назначать,5
neon,неон,5
junction,перекресток,5
radius,радиус,5
splinter,осколок,5
crumple,мять,5
ache,болеть,5
panic,паника,5
guildhall,ратуша,5
gray,серый,5
bench,лавка,5
vibrate,вибрировать,5
blades,лезвия,5
whip,хлыст,5
buck,доллар,5
exterior,экстерьер,5
tumble,падать,5
options,параметры,5
angel,ангел,5
obsess,одержим,5
shrink,сокращать,5
attribute,атрибут,5
ratings,рейтинги,5
premiere,премьера,5
hairy,волосатый,5
accelerate,ускоряться,5
slot,слот,5
thousands,тысячи,5
unstable,нестабильный,5
critter,тварь,5
toad,жаба,5
nightgaunt,ночной призрак,5
pummel,бить,5
beside,рядом,5
cave,пещера,5
automatic,автоматический,5
hostility,враждебность,5
wearer,владелец,5
regeneration,регенерация,5
stylish,стильный,5
frogger,лягушка,5
boost,способствовать росту,5
sepsis,сепсис,5
fleet,флот,5
sultanate,султанат,5
highest,самый высокий,5
meth,мет,5
cackle,кудахтать,5
saferoom,безопасная комната,5
bulbous,выпуклый,5
chin,подбородок,5
sour,кислый,5
royalty,роялти,5
pillow,подушка,5
brood,выводок,5
lunge,выпад,5
cringe,съеживаться,5
trash,мусор,5
ladies,дамы,5
gentlemen,господа,5
minions,миньоны,5
tattered,оборванный,5
atop,на вершине,5
steadily,стабильно,5
scrabble,царапать,5
dive,нырять,5
scare,пугать,5
bizarre,странный,5
gorilla,горилла,5
upside,перевернутый,5
mace,булава,5
slime,слизь,5
necklace,ожерелье,5
daddy,папочка,5
wipe,вытирать,5
affix,прикреплять,5
tire,шина,5
detonate,взорвать,5
blacken,очернить,5
stickers,наклейки,5
cookies,печенье,5
looter,грабитель,5
gods,боги,5
crossbow,арбалет,5
stain,пятно,5
goats,козы,5
walkers,пешеходы,5
younger,моложе,5
ikea,икеа,5
courtyard,двор,5
waist,талия,5
threes,тройки,5
bashers,нападающие,5
virtuosos,виртуозы,5
slick,скользкий,5
mighty,могучий,5
shrapnel,шрапнель,5
retract,убрать,5
pole,столб,5
cough,кашель,5
puddle,лужа,5
grull,гриль,5
makeup,составить,5
pluck,срывать,5
groove,канавка,5
majesty,величество,5
sensation,ощущение,5
sparkle,сверкать,5
midst,посреди,5
pedicure,педикюр,5
consultant,консультант,5
sway,качаться,5
consultants,консультанты,5
firebomb,зажигательная бомба,5
mexx,Мекс,5
vips,VIP-персоны,5
valtay,Валтай,5
venture,риск,4
https,https,4
rbmj,РБМЖ,4
gcljkmc,gcljkmc,4
http,http,4
redistribute,перераспределять,4
explicit,явный,4
minus,минус,4
parenright,родительское право,4
rectangle,прямоугольник,4
alternate,альтернативный,4
bodymatter,материя тела,4
inherit,наследовать,4
storage,хранилище,4
transformation,трансформация,4
seattle,Сиэтл,4
tech,технология,4
cascade,каскад,4
ribbons,ленты,4
squish,хлюпать,4
cling,цепляться,4
awake,бодрствующий,4
drain,осушать,4
lungs,легкие,4
enforcement,исполнение,4
homeless,бездомный,4
elements,элементы,4
sustain,поддерживать,4
ornate,богато украшенный,4
uneasy,непростой,4
tooltips,всплывающие подсказки,4
haptic,тактильный,4
tingle,покалывать,4
simultaneously,одновременно,4
forehead,лоб,4
tooltip,подсказка,4
shots,выстрелы,4
flee,бежать,4
lichen,лишайник,4
rattle,греметь,4
stance,позиция,4
contemplate,созерцать,4
bald,лысый,4
briefly,кратко,4
combatant,боец,4
fireball,огненный шар,4
fireplace,камин,4
sneeze,чихать,4
complicate,усложнять,4
tile,плитка,4
rocky,скалистый,4
paths,пути,4
whine,ныть,4
smack,хлопать,4
imminent,неизбежный,4
puff,слойка,4
changeling,подменыш,4
seventh,седьмой,4
largest,крупнейший,4
wizard,волшебник,4
npcs,НПС,4
accord,согласие,4
billy,Билли,4
urinate,мочиться,4
millions,миллионы,4
catchphrase,крылатая фраза,4
benefactor,благодетель,4
restrooms,туалеты,4
cameras,камеры,4
stipend,стипендия,4
drill,сверлить,4
refill,пополнить,4
staircases,лестницы,4
encompass,охватывать,4
animals,животные,4
squim,скользить,4
conglomerate,конгломерат,4
unmoving,неподвижный,4
cork,пробка,4
stack,куча,4
hoard,копить,4
fingerless,без пальцев,4
hobble,ковылять,4
forearm,предплечье,4
fanfare,фанфары,4
toothed,зубчатый,4
quiver,колчан,4
bonk,бонк,4
melee,ближний бой,4
jewelry,ювелирные изделия,4
filter,фильтр,4
cabinet,кабинет,4
wildly,дико,4
ominous,зловещий,4
mock,насмехаться,4
randomly,случайно,4
stagger,шататься,4
sack,мешок,4
stench,вонь,4
trek,поход,4
blindly,слепо,4
cautiously,осторожно,4
bastards,ублюдки,4
punt,плоскодонка,4
balloon,воздушный шар,4
regenerate,регенерировать,4
biggest,самый большой,4
colorful,красочный,4
rental,аренда,4
yogurt,йогурт,4
spice,специя,4
bleed,истекать кровью,4
adorable,восхитительный,4
hostile,враждебный,4
highness,Высочество,4
tilt,наклон,4
awaken,пробудиться,4
twos,двойки,4
sweat,пот,4
announcer,диктор,4
versus,против,4
disorient,дезориентировать,4
downward,вниз,4
visible,видимый,4
disappoint,разочаровывать,4
wisp,огонёк,4
duration,продолжительность,4
mist,туман,4
darling,милый,4
reunite,воссоединиться,4
slap,шлепок,4
goodness,доброта,4
spaniel,спаниель,4
jerk,придурок,4
twitch,дергаться,4
rottweilers,ротвейлеры,4
gustavo,Густаво,4
unfortunate,неудачный,4
chug,пыхтеть,4
honey,мед,4
legged,Ногая,4
snot,сопли,4
thumb,большой палец,4
amuse,развлекать,4
proceed,продолжить,4
chunk,кусок,4
curiosity,любопытство,4
cookie,печенье,4
minion,миньон,4
dagger,кинжал,4
recount,пересчитывать,4
warehouse,склад,4
supposedly,предположительно,4
valkyrie,валькирия,4
savagely,дико,4
incendiary,зажигательный,4
nervously,нервно,4
assure,гарантировать,4
blend,смешивать,4
pedal,педаль,4
setup,настраивать,4
endless,бесконечный,4
goat,козел,4
encampment,лагерь,4
blanket,одеяло,4
mistress,любовница,4
tiatha,Тиата,4
patients,пациенты,4
fighter,боец,4
waffle,вафля,4
mute,немой,4
taco,тако,4
quadrants,квадранты,4
harmless,безвредный,4
trajectory,траектория,4
basher,обидчик,4
rider,всадник,4
choke,душить,4
desperately,отчаянно,4
soak,впитывать,4
carnage,резня,4
fake,фальшивый,4
jumper,джемпер,4
compound,сложный,4
fragile,хрупкий,4
awesome,потрясающий,4
grim,мрачный,4
supremacy,превосходство,4
portable,портативный,4
defense,защита,4
ominously,зловеще,4
holler,кричать,4
warriors,воины,4
strap,ремень,4
forcefield,силовое поле,4
unseen,невидимый,4
pantsuit,брючный костюм,4
dubiously,сомнительно,4
stride,шагать,4
midair,в воздухе,4
cock,петух,4
motivations,мотивы,4
toxic,токсичный,4
mechanic,механик,4
patronage,покровительство,4
super,супер,4
foyer,фойе,4
damien,Дэмиен,4
measles,корь,4
octopus,осьминог,4
whoa,эй,4
duck,утка,4
beak,клюв,4
badger,барсук,4
summon,вызывать,4
skid,занос,4
reverse,обеспечить регресс,4
prior,прежний,4
vespa,веспа,4
faction,фракция,4
stories,истории,4
officially,официально,4
piggie,поросенок,4
barn,сарай,4
rodent,грызун,4
humor,юмор,3
sadistic,садистский,3
shed,сбрасывать,3
can't,не мочь,3
benefactors,благотворители,3
zzzzw,ззззв,3
k'ltfia,К'Лтфия,3
hqogpd,hqogpd,3
epdh,эпдх,3
paaaa,паааа,3
ygcmkjlcv,ygcmkjlcv,3
raaaa,ураааа,3
derivative,производная,3
components,компоненты,3
versions,версии,3
amacron,амакрон,3
abreve,сокращать,3
aogonek,аогонек,3
ccircumflex,Циркумфлекс,3
cdotaccent,cdotaccent,3
dcaron,дкарон,3
emacron,эмакрон,3
ebreve,Эбреве,3
edotaccent,Эдотакцент,3
eogonek,эогонек,3
ecaron,экарон,3
gcircumflex,gcircumflex,3
gdotaccent,гдотакцент,3
gcommaaccent,gcommaaccent,3
hcircumflex,хциркумфлекс,3
hbar,Хбар,3
itilde,итильда,3
imacron,имакрон,3
ibreve,ибреве,3
iogonek,иогонек,3
jcircumflex,jcircumflex,3
kcommaaccent,kcommaaccent,3
lacute,лакут,3
lcommaaccent,lcommaaccent,3
lcaron,Икарон,3
nacute,острый,3
ncommaaccent,ncommaaccent,3
ncaron,нкарон,3
omacron,омакрон,3
obreve,обреве,3
ohungarumlaut,охунгарумлаут,3
racute,острый,3
rcommaaccent,rcommaaccent,3
rcaron,ркарон,3
sacute,острый,3
scircumflex,сциркумфлекс,3
tcommaaccent,tcommaaccent,3
tcaron,ткарон,3
tbar,tбар,3
utilde,использовать,3
umacron,умакрон,3
ubreve,убреве,3
uring,торопясь,3
uhungarumlaut,ухунгарумлаут,3
uogonek,уогонек,3
wcircumflex,вциркумфлекс,3
ycircumflex,ycircumflex,3
zacute,закутный,3
zdotaccent,здотакцент,3
aringacute,острый,3
aeacute,острый,3
oslashacute,oslashacute,3
scommaaccent,скоммаакцент,3
wgrave,могила,3
wacute,безводный,3
wdieresis,вдиерезис,3
ygrave,играв,3
thorn,шип,3
furp,мех,3
underline,подчеркнуть,3
implicit,скрытый,3
sans,без,3
mechanical,механический,3
rome,Рим,3
coliseum,Колизей,3
cardboard,картон,3
america,Америка,3
anne,Энн,3
chonk,захлебываться,3
persian,персидский,3
dedicate,посвящать,3
breed,порода,3
beady,бусинка,3
momentarily,на мгновение,3
solars,солнечные батареи,3
seize,захватывать,3
deposit,депозит,3
planetary,планетарный,3
neutral,нейтральный,3
sift,просеять,3
lifetime,продолжительность жизни,3
tenth,десятый,3
parse,анализировать,3
tighter,крепче,3
dose,доза,3
dungeons,подземелья,3
dragons,драконы,3
footfalls,шаги,3
demons,демоны,3
degrees,степени,3
rendition,исполнение,3
owners,владельцы,3
movies,фильмы,3
bound,граница,3
overly,чрезмерно,3
tightly,плотно,3
apparel,одежда,3
blaze,полыхать,3
rust,ржавчина,3
humanoid,гуманоид,3
whir,жужжание,3
intersection,пересечение,3
brass,латунь,3
negotiate,вести переговоры,3
turtle,черепаха,3
aboard,на борту,3
hint,намекать,3
rustle,шелестеть,3
shouldn,должен,3
vest,жилет,3
swoop,налет,3
oval,овал,3
bastard,сволочь,3
amaze,удивлять,3
distract,отвлекать,3
clobber,колотить,3
gauge,измерять,3
breach,нарушение,3
remarkably,замечательно,3
skyfowl,небесная птица,3
eagle,орел,3
evaporate,испаряться,3
frustration,разочарование,3
circumstances,обстоятельства,3
gesture,жест,3
etcetera,и так далее,3
trio,трио,3
temporarily,временно,3
greatly,значительно,3
reel,катушка,3
lottery,лотерея,3
shamble,путаться,3
automate,автоматизировать,3
demeanor,поведение,3
interstellar,межзвездный,3
entities,сущности,3
debuffs,дебаффы,3
universal,универсальный,3
guildhalls,ратуши,3
distinctly,отчетливо,3
seal,тюлень,3
tons,тонны,3
corporations,корпорации,3
centuries,столетия,3
unlimited,неограниченный,3
starve,голодать,3
compel,принуждать,3
yawn,зевать,3
descriptions,описания,3
exceptions,исключения,3
gloves,перчатки,3
antidote,противоядие,3
undamaged,неповрежденный,3
trollskin,тролльская кожа,3
skunk,скунс,3
shaggy,лохматый,3
wiggle,покачиваться,3
badass,задира,3
hood,капюшон,3
anti,анти,3
disburse,выплачивать,3
classify,классифицировать,3
manservant,слуга,3
groom,жених,3
tailor,портной,3
poof,пуф,3
psychopath,психопат,3
thoroughfare,магистраль,3
comic,комикс,3
warily,осторожно,3
deflate,сдувать,3
memories,воспоминания,3
carrier,перевозчик,3
cigarettes,сигареты,3
girls,девушки,3
septic,септик,3
erupt,извергаться,3
injuries,травмы,3
absurd,абсурдный,3
litterbox,туалетный лоток,3
adrenaline,адреналин,3
garner,собирать,3
reckless,безрассудный,3
skirmish,стычка,3
privilege,привилегия,3
windows,окна,3
leaderboard,таблица лидеров,3
flank,фланг,3
mini,мини,3
closet,шкаф,3
scrub,скраб,3
surly,угрюмый,3
accent,акцент,3
waddle,ковылять,3
restoration,восстановление,3
talisman,талисман,3
slate,шифер,3
suspiciously,подозрительно,3
salmon,лосось,3
dice,кости,3
approximation,приближение,3
chilly,холодно,3
nights,ночи,3
literal,буквальный,3
shampoo,шампунь,3
shave,бриться,3
chitter,болтовня,3
guardian,опекун,3
volatile,изменчивый,3
chuck,патрон,3
dumpster,мусорный контейнер,3
pulsate,пульсировать,3
distastefully,неприятно,3
gingerly,осторожно,3
aaaand,иииии,3
pump,насос,3
mugshot,фотография,3
infect,заразить,3
horrific,ужасный,3
nudge,подталкивать,3
yank,дернуть,3
harder,Сильнее,3
drown,тонуть,3
amusement,развлечение,3
satchel,ранец,3
instinctively,инстинктивно,3
spaniels,спаниели,3
vile,мерзкий,3
pussy,киска,3
premier,премьер,3
languages,языки,3
inordinate,непомерный,3
africa,Африка,3
eyeball,глазное яблоко,3
arrows,стрелки,3
rant,разглагольствовать,3
announcements,объявления,3
prematurely,преждевременно,3
distinctive,отличительный,3
grid,сетка,3
neighborhoods,кварталы,3
adjacent,соседний,3
gleam,светиться,3
brandish,размахивать,3
scoop,совок,3
helmets,шлемы,3
dozers,бульдозеры,3
piercings,пирсинг,3
specialize,специализироваться,3
mask,маска,3
funpowder,посыпной порошок,3
grenade,граната,3
insane,безумный,3
surprisingly,удивительно,3
stroke,гладить,3
weld,сваривать,3
handlebars,руль,3
wrench,гаечный ключ,3
colossal,колоссальный,3
heavier,тяжелее,3
rotten,сгнивший,3
brim,до краев,3
coil,катушка,3
gallons,галлоны,3
occupy,занимать,3
creak,скрипеть,3
grease,смазка,3
obliterate,стереть с лица земли,3
gently,нежно,3
extinction,вымирание,3
workbench,верстак,3
weep,плакать,3
drape,драпировать,3
barefoot,босиком,3
firefight,перестрелка,3
chase,гнаться,3
ammo,боеприпасы,3
pistol,пистолет,3
destruction,разрушение,3
steak,стейк,3
reverberate,отражаться,3
punitive,карательный,3
collective,коллектив,3
fool,дурак,3
headfirst,головой вперед,3
fangs,клыки,3
portcullis,решетка,3
flap,лоскут,3
comically,комично,3
frown,хмуриться,3
brothers,братья,3
martinez,Мартинес,3
facilities,удобства,3
hasn,не имеет,3
hopeless,безнадежный,3
realization,реализация,3
partially,частично,3
crude,сырой,3
toddler,ребенок, начинающий ходить,3
lasers,лазеры,3
sprout,росток,3
croak,каркать,3
halve,разделить пополам,3
clang,лязг,3
disk,диск,3
firmly,твердо,3
dangle,мотаться,3
lizards,ящерицы,3
barbell,штанга,3
tremble,дрожать,3
frustrate,расстраивать,3
snag,загвоздка,3
glossy,глянцевый,3
stereotype,стереотип,3
enchantment,чары,3
worship,поклонение,3
whoosh,свист,3
malevolent,злобный,3
bass,бас,3
deadly,смертоносный,3
sphere,сфера,3
unfreeze,разморозить,3
macgyver,Макгивер,3
remake,переделать,3
wedge,клин,3
unbroken,непрерывный,3
temper,характер,3
impossibly,невозможно,3
tangle,запутывать,3
getup,вставать,3
maul,молот,3
innards,внутренности,3
steer,управлять,3
whoever,кто бы то ни было,3
fate,судьба,3
technically,технически,3
strain,напряжение,3
emanate,излучать,3
berserk,неистовый,3
hoot,крик,3
orcs,орки,3
mantis,богомол,3
tuck,заправить,3
sexy,сексуальный,3
slosh,плескаться,3
boob,Сиська,3
clip,клип,3
juicy,сочный,3
favorite,любимый,3
lest,чтобы,3
skipper,шкипер,3
sever,разъединить,3
indentureship,договоренность,3
seizure,захват,3
cinderblock,шлакоблок,3
desecrate,осквернять,3
horrors,ужасы,3
dusty,пыльный,3
mailbox,почтовый ящик,3
battlefield,поле битвы,3
overpower,одолеть,3
enhancements,улучшения,3
unbreakable,нерушимый,3
mouvement,движение,3
bengals,бенгалы,3
cheek,щека,3
slingshots,рогатки,3
unvaccinated,непривитый,3
thwap,хлопнуть,3
smoothies,смузи,3
invigorate,бодрить,3
concoction,смесь,3
unaltered,неизмененный,3
elite,элита,3
banner,баннер,3
pied,пестрый,3
piper,волынщик,3
bladed,с лезвием,3
slag,шлак,3
storyline,сюжетная линия,3
remainder,остаток,3
static,статический,3
admins,администраторы,3
communications,коммуникации,3
outfit,одежда,3
sapient,разумный,3
gossip,слух,3
spawn,порождать,3
rake,грабли,3
blah,бла,3
dissipate,рассеивать,3
dragon,дракон,3
spare,запасной,3
launcher,пусковая установка,3
mound,насыпь,3
sacs,мешочки,3
convulse,судороги,3
bucket,ведро,3
spat,плюнул,3
harden,затвердевать,3
mayhem,хаос,3
chant,петь,3
buddy,приятель,3
authorize,разрешать,3
insult,оскорблять,3
stalwart,стойкий,3
governments,правительства,3
oasis,оазис,3
tame,приручить,3
recommendations,рекомендации,3
wrangle,пререкания,3
epilogue,эпилог,3
amazon,Амазонка,3
tout,рекламировать,3
spam,спам,3
gamelit,игра с подсветкой,3
dandy,денди,2
apocalypse,апокалипсис,2
prey,добыча,2
erect,возводить,2
labyrinth,лабиринт,2
calibre,калибр,2
boddill,Боддилл,2
ucmcof,Укмкоф,2
tfhk,тьфу-тьфу,2
lihj,Лихдж,2
efybbyf,эфиббиф,2
nebq,небк,2
grnbu,грнбу,2
rnha,рнха,2
vkje,вкье,2
sgcljkmc,sgcljkmc,2
zzzzx,ззззкс,2
ciir,циир,2
hdpe,HDPE,2
dpgoq,dpgoq,2
kmcz,кмчч,2
rhfae,rhfae,2
khet,хет,2
qrmv,qrmv,2
fhmjf,fhmjf,2
jhil,Джил,2
krbyffyb,Крбиффиб,2
fiao,фиао,2
bnet,Бнет,2
framework,рамки,2
bundle,пучок,2
derivatives,деривативы,2
substitute,заменять,2
merge,слить,2
unmodified,неизмененный,2
readable,читаемый,2
users,пользователи,2
void,пустота,2
liability,обязанность,2
dcroat,хорват,2
ampersand,амперсанд,2
swsh,сшш,2
flourish,процветать,2
acorn,желудь,2
leftdiagonalarrow,леваядиагональстрелка,2
rightdiagonalarrow,вправодиагональстрелка,2
downclosed,закрыт,2
leftclosed,слева закрыто,2
upclosed,раскрытый,2
rightclosed,правозакрыто,2
roundedcornersleft,закругленные углы слева,2
roundedcornersright,закругленные углыправый,2
cornersleft,левый угол,2
cornersright,уголправый,2
latn,латн,2
iyqz,ийкз,2
andy,Энди,2
xvwo,xvwo,2
zjvq,zjvq,2
ugvc,УГВК,2
hmpo,хмпо,2
hheag,ххеаг,2
mago,маг,2
nozo,нозо,2
ftrp,FTPP,2
umpy,беспорядочный,2
stqbo,stqbo,2
stylesheet,таблица стилей,2
numeric,числовой,2
ligatures,лигатуры,2
helvetica,Гельветика,2
vertical,вертикальный,2
incel,инсел,2
cheryl,Шерил,2
mike,Майк,2
warmer,теплее,2
sandals,сандалии,2
squirm,извиваться,2
backstory,предыстория,2
bahamas,Багамы,2
instagram,инстаграм,2
fluffy,пушистый,2
countless,бесчисленное множество,2
trophies,трофеи,2
ironclad,железный,2
feline,кошачий,2
scamper,бегать,2
sidewalk,тротуар,2
coax,коаксиальный,2
neighbor,сосед,2
basement,подвал,2
complaints,жалобы,2
cosmic,космический,2
discern,различать,2
robotic,роботизированный,2
subsection,подраздел,2
organic,органический,2
inanimate,неодушевленный,2
indigenous,местный,2
reclaim,вернуть себе,2
regency,регентство,2
regulations,правила,2
repurposed,перепрофилированный,2
requirements,требования,2
forfeit,лишиться права,2
pathfinder,следопыт,2
spotlight,прожектор,2
radiate,излучать,2
brightly,ярко,2
glorious,славный,2
carvings,резьба,2
humid,влажный,2
hulk,Халк,2
arch,арка,2
unexpectedly,неожиданно,2
simulation,моделирование,2
matrix,матрица,2
inward,внутрь,2
lane,переулок,2
damme,черт возьми,2
darkness,темнота,2
meow,мяу,2
hazard,опасность,2
leathery,кожистый,2
unsuspecting,ничего не подозревающий,2
incels,инцелы,2
brick,кирпич,2
ceilings,потолки,2
maneuver,маневрировать,2
beard,борода,2
shorter,короче,2
widen,расширять,2
mutant,мутант,2
retreat,отступление,2
splat,шлепок,2
videogames,видеоигры,2
angular,угловой,2
straighten,выпрямить,2
temple,храм,2
cutter,резак,2
glorify,прославлять,2
untrained,неподготовленный,2
timers,таймеры,2
infobox,информационный блок,2
hooligan,хулиган,2
hooligans,хулиганы,2
machinery,техника,2
shelve,полка,2
vase,ваза,2
merrily,весело,2
sprint,спринт,2
ladder,лестница,2
recess,перерыв,2
spigots,краны,2
cockpit,кабина,2
blade,лезвие,2
vibrations,вибрации,2
astonishment,изумление,2
bless,благословить,2
jelly,желе,2
sledgehammer,кувалда,2
golden,золотой,2
steroids,стероиды,2
conspiracy,заговор,2
civilization,цивилизация,2
prep,подготовка,2
customs,таможня,2
entity,сущность,2
citizens,граждане,2
kinds,виды,2
adept,адепт,2
tabletop,столешница,2
transfigure,трансфигурировать,2
slobber,слюни,2
mollify,смягчать,2
sheer,явный,2
impaler,пронзитель,2
dart,дротик,2
watchers,наблюдатели,2
indicator,индикатор,2
favorited,избранный,2
honor,честь,2
individuals,люди,2
celestial,небесный,2
rarest,редчайший,2
rifle,винтовка,2
clap,хлопать в ладоши,2
complimentary,бесплатный,2
subtle,тонкий,2
stiffen,напрягаться,2
disparage,принижать,2
abrasions,ссадины,2
firearms,огнестрельное оружие,2
employees,сотрудники,2
behalf,от имени,2
gnash,скрежетать,2
royale,королевская семья,2
elaborate,разрабатывать,2
delve,копаться,2
dimensional,размерный,2
players,игроки,2
quirk,галтель,2
murderer,убийца,2
kinda,как бы,2
fetish,фетиш,2
opponents,противники,2
tinker,возиться,2
tactical,тактический,2
unopened,неоткрытый,2
outright,прямо,2
stencil,трафарет,2
vague,нечеткий,2
etch,травить,2
abate,ослабевать,2
stoutness,полнота,2
fingernail,ноготь,2
crumbly,рассыпчатый,2
texture,текстура,2
decidedly,решительно,2
sleeve,рукав,2
territory,территория,2
resistance,сопротивление,2
hoop,обруч,2
snarky,язвительный,2
fathom,сажень,2
agape,разинув рот,2
partied,веселился,2
elegant,элегантный,2
jewel,драгоценность,2
internally,внутренне,2
whore,шлюха,2
tomes,тома,2
manually,вручную,2
succession,преемственность,2
slay,убить,2
sultan,султан,2
ribbon,лента,2
crumble,рушиться,2
trophy,трофей,2
conjunction,соединение,2
brighter,ярче,2
apartments,апартаменты,2
zippo,Зиппо,2
conserve,сохранять,2
alleys,переулки,2
whatsoever,что бы то ни было,2
tributaries,притоки,2
gallop,галопом,2
knit,вязать,2
uncooked,сырой,2
steaks,стейки,2
baggie,мешочек,2
tussle,драка,2
cautious,осторожный,2
restaurants,рестораны,2
exhaust,выхлоп,2
operations,операции,2
sooner,раньше,2
beset,окруженный,2
deaths,летальные исходы,2
streak,полоса,2
pelt,шкура,2
craft,ремесло,2
lovingly,с любовью,2
cease,прекратить,2
playground,детская площадка,2
gnome,гном,2
toilets,туалеты,2
dwarf,карлик,2
unnerve,нервировать,2
tolerance,терпимость,2
soda,сода,2
vodka,водка,2
booth,стенд,2
bandage,повязка,2
squirrels,белки,2
vindaloo,Виндалу,2
lamb,ягненок,2
nightmares,кошмары,2
bacon,бекон,2
fare,стоимость проезда,2
clasp,застежка,2
roach,плотва,2
skitter,носиться,2
antennae,усики,2
awkwardly,неловко,2
pudding,пудинг,2
retrieve,забрать,2
hemolymph,гемолимфа,2
silently,молча,2
doorknob,дверная ручка,2
spanish,испанский,2
squint,щуриться,2
stupidest,глупейший,2
freak,ненормальный,2
resound,звучать,2
ricochet,рикошет,2
engulf,поглощать,2
stroll,прогулка,2
wrappers,обертки,2
reform,реформа,2
loudspeaker,громкоговоритель,2
ineffectively,неэффективно,2
geyser,гейзер,2
cannon,пушка,2
surroundings,окрестности,2
reminder,напоминание,2
dame,дама,2
guardians,опекуны,2
greasy,жирный,2
stupidly,тупо,2
persona,личность,2
aluminum,алюминий,2
scrap,металлолом,2
inspection,инспекция,2
slur,оскорбление,2
province,провинция,2
easiest,самый простой,2
persistent,настойчивый,2
glower,сердитый взгляд,2
brutality,жестокость,2
gnoll,гнолл,2
riot,бунт,2
tendrils,усики,2
ethereal,неземной,2
hedgehogs,ёжики,2
skewer,вертел,2
contestant,участник,2
generations,поколения,2
ferocious,свирепый,2
tiger,тигр,2
stalk,выслеживать,2
crane,кран,2
moth,мотылек,2
imbecile,идиот,2
irrationally,иррационально,2
charles,Чарльз,2
bronson,Бронсон,2
absorb,поглощать,2
virtually,практически,2
sensations,ощущения,2
televisions,телевизоры,2
commentator,комментатор,2
breathlessly,затаив дыхание,2
mechanisms,механизмы,2
swell,зыбь,2
dump,свалка,2
youtube,ютуб,2
jersey,Джерси,2
chainmail,кольчуга,2
cici,чичи,2
rundown,наезжать,2
extract,извлекать,2
stasis,застой,2
mode,режим,2
passages,отрывки,2
southeast,юго-восток,2
slim,стройный,2
berth,причал,2
materialize,материализоваться,2
nonsensical,бессмысленный,2
slack,слабый,2
sweetheart,дорогой,2
experts,эксперты,2
absently,рассеянно,2
shamankas,шаманки,2
ants,муравьи,2
sneer,насмешка,2
clans,кланы,2
discard,отказаться,2
exquisite,изысканный,2
facial,уход за лицом,2
contraptions,изобретения,2
backside,задняя сторона,2
gnolls,гноллы,2
unreliable,ненадежный,2
alligator,аллигатор,2
chassis,шасси,2
hopper,бункер,2
lesser,меньший,2
backrest,спинка,2
noticeably,заметно,2
choppers,чопперы,2
german,немецкий,2
ultimate,окончательный,2
tabs,вкладки,2
refine,усовершенствовать,2
inherently,по своей сути,2
mechanism,механизм,2
kilometers,километры,2
poise,уравновешенность,2
shockwave,ударная волна,2
ignite,зажечь,2
infant,младенец,2
perish,погибнуть,2
nicely,приятно,2
combatants,комбатанты,2
raviolis,равиоли,2
swarm,рой,2
slower,помедленнее,2
equivalent,эквивалент,2
fountain,фонтан,2
descent,спуск,2
audible,слышимый,2
premature,преждевременный,2
beguiler,обманщик,2
enrage,бесить,2
disqualify,дисквалифицировать,2
treadmill,беговая дорожка,2
american,американский,2
cuddle,обнимать,2
restroom,туалет,2
translucent,полупрозрачный,2
clash,столкновение,2
wong,Вонг,2
butt,задница,2
chill,холод,2
casual,повседневный,2
tense,напряженный,2
confrontation,конфронтация,2
vine,лоза,2
creeper,лиана,2
trafficker,торговец людьми,2
bullets,пули,2
shin,голень,2
sleeves,рукава,2
cluster,кластер,2
bumpy,бугристый,2
regardless,несмотря ни на что,2
huff,раздражение,2
comply,исполнять,2
suspicious,подозрительный,2
wheeze,хрипеть,2
don't,не,2
sake,ради,2
implement,осуществлять,2
speakers,ораторы,2
airborne,воздушно-капельный,2
fiend,злодей,2
scenario,сценарий,2
downright,совершенно,2
fewer,меньше,2
warrior,воин,2
runny,жидкий,2
andrews,Эндрюс,2
shaft,вал,2
presumably,предположительно,2
expanse,простор,2
beam,луч,2
sewage,сточные воды,2
heavens,небеса,2
crinkle,мять,2
drawbridge,разводной мост,2
flamingo,фламинго,2
gigantic,гигантский,2
hesitant,нерешительный,2
longsword,длинный меч,2
gnaw,грызть,2
luckily,к счастью,2
firefighters,пожарные,2
paramedics,парамедики,2
doesn't,не делает,2
he's,он,2
safely,безопасно,2
hunch,догадка,2
pursuit,преследование,2
worthy,достойный,2
vend,продавать,2
candy,конфеты,2
wary,осторожный,2
fatter,толще,2
usable,годный к употреблению,2
upright,вертикальный,2
muscular,мускулистый,2
scaly,чешуйчатый,2
pygmy,пигмей,2
fuckers,лохи,2
husk,шелуха,2
abilities,способности,2
sting,жало,2
lumpy,комковатый,2
afar,издалека,2
receptionist,регистратор,2
turnstile,турникет,2
dumbbells,гантели,2
bulge,выпуклость,2
bead,шарик,2
bellow,рев,2
clamp,зажим,2
lopsided,однобокий,2
makeshift,импровизированный,2
sicken,болеть,2
shear,срезать,2
sliver,щепка,2
worriedly,тревожно,2
plunge,погружаться,2
dumbass,тупица,2
sacrifice,жертва,2
clench,сжимать,2
frantically,отчаянно,2
bracelet,браслет,2
skip,пропускать,2
addict,наркоман,2
adventurers,искатели приключений,2
brawler,скандалист,2
bloodlust,жажда крови,2
enhancement,улучшение,2
greatest,величайший,2
bracer,наруч,2
deity,божество,2
tikbalang,тикбаланг,2
ripple,пульсация,2
perch,окунь,2
african,африканский,2
dismay,смятение,2
stern,суровый,2
rave,бред,2
distort,искажать,2
formation,формирование,2
terror,террор,2
boar,кабан,2
entranceway,подъезд,2
hurtle,мчаться,2
speedbump,лежачий полицейский,2
shutter,затвор,2
precisely,именно так,2
exclaim,восклицать,2
concrete,конкретный,2
wail,стенать,2
indication,указание,2
oftentimes,часто,2
violently,яростно,2
lattice,решетка,2
tuxedoed,в смокинге,2
gown,платье,2
smushing,раздавливание,2
tuxedo,смокинг,2
flute,флейта,2
miraculously,чудесным образом,2
bulky,громоздкий,2
courtesans,куртизанки,2
backpack,рюкзак,2
snout,морда,2
confusion,путаница,2
victims,жертвы,2
prone,склонный,2
twirl,вертеть,2
dominatrix,госпожа,2
disembowel,выпотрошить,2
impersonation,олицетворение,2
obscure,затемнять,2
tuxedoes,смокинги,2
harness,обуздать,2
dildo,фаллоимитатор,2
kitty,Китти,2
unfinished,незавершенный,2
velvet,бархат,2
addle,дурачить,2
irised,радужная оболочка,2
cartoonish,мультяшный,2
propel,продвигать,2
trill,трель,2
expressionless,невыразительный,2
thinner,тоньше,2
footballs,футбольные мячи,2
torso,туловище,2
bribe,подкупить,2
surgeon,хирург,2
sideways,вбок,2
elective,факультативный,2
monarchy,монархия,2
consciously,сознательно,2
wink,подмигивание,2
stricken,пораженный,2
fascinate,очаровывать,2
cuddly,приятный,2
viral,популярный,2
bankruptcy,банкротство,2
didn't,не сделал,2
icon,икона,2
janitor,дворник,2
vial,флакон,2
sole,подошва,2
puppies,щенки,2
factly,на самом деле,2
deploy,развертывать,2
inspect,проверять,2
inator,инициатор,2
bonuses,бонусы,2
deck,палуба,2
nightly,каждую ночь,2
necromancy,некромантия,2
elle,Элль,2
divorce,развод,2
reset,перезагрузить,2
ammunition,боеприпасы,2
whisk,взбивать,2
huddle,ютиться,2
cincinnati,Цинциннати,2
marybeth,Мэрибет,2
follower,последователь,2
escort,эскорт,2
psychotic,психотический,2
overalls,комбинезон,2
leprechauns,лепреконы,2
sisters,сестры,2
moan,стон,2
undead,нежить,2
ooze,сочиться,2
flammable,легковоспламеняющийся,2
chop,нарезать,2
budge,сдвинуться с места,2
discontinue,прекратить,2
oily,маслянистый,2
genuinely,искренне,2
exclusively,исключительно,2
twelfth,двенадцатый,2
ounces,унции,2
inert,инертный,2
essence,сущность,2
stationary,стационарный,2
restore,восстановить,2
aggro,агрессивный,2
goddess,богиня,2
pudgy,пухлый,2
caroline,Кэролайн,2
honestly,честно,2
pawn,пешка,2
mantra,мантра,2
noon,полдень,2
vigorous,энергичный,2
frisbee,фрисби,2
lips,губы,2
cacophony,какофония,2
chaos,хаос,2
doll,кукла,2
lone,одинокий,2
motherfucker,ублюдок,2
psst,псс,2
uncomprehending,непонимающий,2
ankles,лодыжки,2
indestructible,неразрушимый,2
meantime,тем временем,2
ductwork,воздуховоды,2
behold,вот,2
obsidian,обсидиан,2
bugaboo,жучок,2
creepy,противный,2
writers,писатели,2
codex,кодекс,2
bigboi,бигбой,2
spoiler,спойлер,2
alert,тревога,2
caster,заклинатель,2
corporeal,телесный,2
unimpeded,беспрепятственный,2
inevitable,неизбежный,2
execution,исполнение,2
aquatic,водный,2
crutch,костыль,2
outreach,информационно-пропагандистская деятельность,2
gigs,концерты,2
debrief,подведение итогов,2
participants,участники,2
badge,значок,2
bloom,цвести,2
sponsorship,спонсорство,2
dumbfound,ошеломленный,2
intersections,перекрестки,2
parade,парад,2
platforms,платформы,2
alongside,рядом,2
witch,ведьма,2
kindness,доброта,2
decapitate,обезглавить,2
fulminate,молниеносный,2
joint,соединение,2
souls,души,2
disintegrate,распадаться,2
unravel,разгадать,2
semi,полуфабрикат,2
fury,ярость,2
deftly,ловко,2
dislodge,вытеснять,2
usher,помощник,2
satisfaction,удовлетворение,2
worryingly,тревожно,2
albert,Альберт,2
symbols,символы,2
strawberry,клубника,2
replay,переиграть,2
penalties,штрафы,2
deem,считать,2
proliferation,распространение,2
thwum,звук,2
embodiment,воплощение,2
newly,недавно,2
bump,ударяться,2
shredder,измельчитель,2
chrysalis,куколка,2
indignant,возмущенный,2
froth,пена,2
racial,расовый,2
administrator,администратор,2
tactics,тактика,2
initiate,инициировать,2
gorgon,горгона,2
marital,супружеский,2
dime,десять центов,2
proximity,близость,2
mudskipper,прыгун,2
lame,хромой,2
applause,аплодисменты,2
jeer,издеваться,2
consequences,последствия,2
uncertain,неопределенный,2
glurping,глотание,2
astound,изумлять,2
apeshit,дерьмо,2
killers,убийцы,2
teenaged,подростковый,2
harmlessly,безвредно,2
responses,ответы,2
bait,приманка,2
vigorously,энергично,2
module,модуль,2
shoebox,коробка из-под обуви,2
instruct,инструктировать,2
creator,создатель,2
percent,процент,2
instinct,инстинкт,2
censure,порицание,2
exclamation,восклицание,2
commend,хвалить,2
mawkish,сентиментальный,2
rulers,правители,2
frenzied,бешеный,2
europe,Европа,2
gerbils,песчанки,2
slink,красться,2
treasure,сокровище,2
mohawk,ирокез,2
tummy,животик,2
acher,боль,2
chirp,чирикать,2
grip,схватить,2
vicious,беспощадный,2
aggravate,обострять,2
steve,Стив,2
irwin,Ирвин,2
mage,маг,2
arcanist,арканист,2
unaware,не подозревающий,2
curious,любопытный,2
corp,корпорация,2
coincidence,совпадение,2
critters,твари,2
